725,1,4,5,4,24.0,81,70,0,1,0.0,1000,8,5,false,73
725,2,8,9,8,48.0,156,70,0,1,0.0,1000,8,5,false,73
725,3,12,13,12,72.0,232,70,0,1,0.0,1000,8,5,false,73
725,4,16,17,16,96.0,312,70,0,1,0.0,1000,8,5,false,73
725,5,20,21,20,120.0,393,70,0,1,0.0,1000,8,5,false,73
725,6,24,25,24,144.0,471,70,0,1,0.0,1000,8,5,false,73
725,7,28,29,28,168.0,552,70,0,1,0.0,1000,8,5,false,73
725,8,32,33,32,192.0,631,70,0,1,0.0,1000,8,5,false,73
725,9,36,36,36,216.0,715,70,0,1,0.0,1000,8,5,false,73
725,10,40,40,40,240.0,788,70,0,1,0.0,1000,8,5,false,73
725,11,44,44,44,264.0,870,70,0,1,0.0,1000,8,5,false,73
725,12,48,48,48,288.0,947,70,0,1,0.0,1000,8,5,false,73
725,13,52,52,52,312.0,1021,70,0,1,0.0,1000,8,5,false,73
725,14,56,56,56,336.0,1105,70,0,1,0.0,1000,8,5,false,73
725,15,60,59,60,360.0,1171,70,0,1,0.0,1000,8,5,false,73
725,16,64,63,64,384.0,1265,70,0,1,0.0,1000,8,5,false,73
725,17,68,67,68,408.0,1345,70,0,1,0.0,1000,8,5,false,73
725,18,72,70,72,432.0,1425,70,0,1,0.0,1000,8,5,false,73
725,19,76,73,76,456.0,1499,70,0,1,0.0,1000,8,5,false,73
725,20,80,76,80,480.0,1577,70,0,1,0.0,1000,8,5,false,73
725,21,84,79,84,504.0,1665,70,0,1,0.0,1000,8,5,false,73
725,22,88,83,88,528.0,1738,70,0,1,0.0,1000,8,5,false,73
725,23,92,163,184,552.0,3421,70,0,1,0.0,1000,8,5,false,73
725,24,96,167,188,576.0,3490,70,0,1,0.0,1000,8,5,false,73
725,25,100,170,192,600.0,3557,70,0,1,0.0,1000,8,5,false,73
725,26,104,174,196,624.0,3633,70,0,1,0.0,1000,8,5,false,73
725,27,108,178,200,648.0,3714,70,0,1,0.0,1000,8,5,false,73
725,28,112,182,204,672.0,3792,70,0,1,0.0,1000,8,5,false,73
725,29,116,185,208,696.0,3872,70,0,1,0.0,1000,8,5,false,73
725,30,120,189,212,720.0,3950,70,0,1,0.0,1000,8,5,false,73
725,31,124,192,216,744.0,4021,70,0,1,0.0,1000,8,5,false,73
725,32,128,196,220,768.0,4086,70,0,1,0.0,1000,8,5,false,73
725,33,132,199,224,792.0,4167,70,0,1,0.0,1000,8,5,false,73
725,34,136,201,228,816.0,4240,70,0,1,0.0,1000,8,5,false,73
725,35,140,204,232,840.0,4329,70,0,1,0.0,1000,8,5,false,73
725,36,144,208,236,864.0,4414,70,0,1,0.0,1000,8,5,false,73
725,37,148,211,240,888.0,4493,70,0,1,0.0,1000,8,5,false,73
725,38,152,213,244,912.0,4565,70,0,1,0.0,1000,8,5,false,73
725,39,156,216,248,936.0,4642,70,0,1,0.0,1000,8,5,false,73
725,40,160,407,566,960.0,9482,70,0,1,0.0,1000,8,5,false,73
725,41,164,411,570,984.0,9561,70,0,1,0.0,1000,8,5,false,73
725,42,168,412,574,1008.0,9630,70,0,1,0.0,1000,8,5,false,73
725,43,172,414,578,1032.0,9712,70,0,1,0.0,1000,8,5,false,73
725,44,176,416,582,1056.0,9784,70,0,1,0.0,1000,8,5,false,73
725,45,180,419,586,1080.0,9866,70,0,1,0.0,1000,8,5,false,73
725,46,184,465,736,1110.0,19012,70,0,1,0.0,1000,8,5,false,73
725,47,188,466,740,1134.0,19085,70,0,1,0.0,1000,8,5,false,73
725,48,192,468,744,1158.0,19164,70,0,1,0.0,1000,8,5,false,73
725,49,196,469,748,1182.0,19246,70,0,1,0.0,1000,8,5,false,73
725,50,199,470,751,1200.0,19300,70,0,1,0.0,1000,8,5,false,73
725,51,203,474,755,1224.0,19384,70,0,1,0.0,1000,8,5,false,73
725,52,207,476,759,1248.0,19452,70,0,1,0.0,1000,8,5,false,73
725,53,211,477,763,1272.0,19520,70,0,1,0.0,1000,8,5,false,73
725,54,215,477,767,1296.0,19597,70,0,1,0.0,1000,8,5,false,73
725,55,219,479,771,1320.0,19675,70,0,1,0.0,1000,8,5,false,73
725,56,223,481,775,1344.0,19751,70,0,1,0.0,1000,8,5,false,73
725,57,227,483,779,1368.0,19832,70,0,1,0.0,1000,8,5,false,73
725,58,231,483,783,1392.0,19905,70,0,1,0.0,1000,8,5,false,73
725,59,235,485,787,1416.0,19990,70,0,1,0.0,1000,8,5,false,73
725,60,239,487,791,1440.0,20073,70,0,1,0.0,1000,8,5,false,73
725,61,243,490,795,1464.0,20155,70,0,1,0.0,1000,8,5,false,73
725,62,247,494,799,1488.0,20232,70,0,1,0.0,1000,8,5,false,73
725,63,251,497,803,1512.0,20314,70,0,1,0.0,1000,8,5,false,73
725,64,255,498,807,1536.0,20391,70,0,1,0.0,1000,8,5,false,73
725,65,259,499,811,1560.0,20466,70,0,1,0.0,1000,8,5,false,73
725,66,263,500,815,1584.0,20542,70,0,1,0.0,1000,8,5,false,73
725,67,267,502,819,1608.0,20618,70,0,1,0.0,1000,8,5,false,73
725,68,271,503,823,1632.0,20695,70,0,1,0.0,1000,8,5,false,73
725,69,275,503,827,1656.0,20791,70,0,1,0.0,1000,8,5,false,73
725,70,279,505,831,1680.0,20876,70,0,1,0.0,1000,8,5,false,73
725,71,283,505,835,1704.0,20949,70,0,1,0.0,1000,8,5,false,73
725,72,287,507,839,1728.0,21025,70,0,1,0.0,1000,8,5,false,73
725,73,291,509,843,1752.0,21093,70,0,1,0.0,1000,8,5,false,73
725,74,295,511,847,1776.0,21178,70,0,1,0.0,1000,8,5,false,73
725,75,299,514,851,1800.0,21249,70,0,1,0.0,1000,8,5,false,73
725,76,303,515,855,1824.0,21324,70,0,1,0.0,1000,8,5,false,73
725,77,307,516,859,1848.0,21403,70,0,1,0.0,1000,8,5,false,73
725,78,311,519,863,1872.0,21478,70,0,1,0.0,1000,8,5,false,73
725,79,315,520,867,1896.0,21557,70,0,1,0.0,1000,8,5,false,73
725,80,319,523,871,1920.0,21635,70,0,1,0.0,1000,8,5,false,73
725,81,323,523,875,1944.0,21709,70,0,1,0.0,1000,8,5,false,73
725,82,327,525,879,1968.0,21788,70,0,1,0.0,1000,8,5,false,73
725,83,331,528,883,1992.0,21854,70,0,1,0.0,1000,8,5,false,73
725,84,335,530,887,2016.0,21930,70,0,1,0.0,1000,8,5,false,73
725,85,339,530,891,2040.0,22009,70,0,1,0.0,1000,8,5,false,73
725,86,343,532,895,2064.0,22074,70,0,1,0.0,1000,8,5,false,73
725,87,347,533,899,2088.0,22152,70,0,1,0.0,1000,8,5,false,73
725,88,351,534,903,2112.0,22223,70,0,1,0.0,1000,8,5,false,73
725,89,355,535,907,2136.0,22312,70,0,1,0.0,1000,8,5,false,73
725,90,359,537,911,2160.0,22384,70,0,1,0.0,1000,8,5,false,73
725,91,363,540,915,2184.0,22460,70,0,1,0.0,1000,8,5,false,73
725,92,367,540,919,2208.0,22538,70,0,1,0.0,1000,8,5,false,73
725,93,371,542,923,2232.0,22616,70,0,1,0.0,1000,8,5,false,73
725,94,375,542,927,2256.0,22676,70,0,1,0.0,1000,8,5,false,73
725,95,379,542,931,2280.0,22759,70,0,1,0.0,1000,8,5,false,73
725,96,383,543,935,2304.0,22836,70,0,1,0.0,1000,8,5,false,73
725,97,387,545,939,2328.0,22913,70,0,1,0.0,1000,8,5,false,73
725,98,391,546,943,2352.0,22979,70,0,1,0.0,1000,8,5,false,73
725,99,395,549,947,2376.0,23044,70,0,1,0.0,1000,8,5,false,73
725,100,399,549,951,2400.0,23123,70,0,1,0.0,1000,8,5,false,73
725,101,403,635,1619,2424.0,34134,70,0,1,0.0,1000,8,5,false,73
725,102,407,636,1623,2448.0,34220,70,0,1,0.0,1000,8,5,false,73
725,103,411,636,1627,2472.0,34302,70,0,1,0.0,1000,8,5,false,73
725,104,415,638,1631,2496.0,34366,70,0,1,0.0,1000,8,5,false,73
725,105,419,640,1635,2520.0,34441,70,0,1,0.0,1000,8,5,false,73
725,106,423,641,1639,2544.0,34512,70,0,1,0.0,1000,8,5,false,73
725,107,427,641,1643,2568.0,34599,70,0,1,0.0,1000,8,5,false,73
725,108,431,641,1647,2592.0,34679,70,0,1,0.0,1000,8,5,false,73
725,109,435,643,1651,2616.0,34761,70,0,1,0.0,1000,8,5,false,73
725,110,439,644,1655,2640.0,34840,70,0,1,0.0,1000,8,5,false,73
725,111,443,645,1659,2664.0,34922,70,0,1,0.0,1000,8,5,false,73
725,112,447,646,1663,2688.0,34994,70,0,1,0.0,1000,8,5,false,73
725,113,451,646,1667,2712.0,35067,70,0,1,0.0,1000,8,5,false,73
725,114,455,648,1671,2736.0,35143,70,0,1,0.0,1000,8,5,false,73
725,115,459,649,1675,2760.0,35222,70,0,1,0.0,1000,8,5,false,73
725,116,463,651,1679,2784.0,35285,70,0,1,0.0,1000,8,5,false,73
725,117,467,652,1683,2808.0,35342,70,0,1,0.0,1000,8,5,false,73
725,118,471,654,1687,2832.0,35422,70,0,1,0.0,1000,8,5,false,73
725,119,475,656,1691,2856.0,35495,70,0,1,0.0,1000,8,5,false,73
725,120,479,657,1695,2880.0,35569,70,0,1,0.0,1000,8,5,false,73
725,121,483,658,1699,2904.0,35664,70,0,1,0.0,1000,8,5,false,73
725,122,487,660,1703,2928.0,35747,70,0,1,0.0,1000,8,5,false,73
725,123,491,661,1707,2952.0,35832,70,0,1,0.0,1000,8,5,false,73
725,124,495,664,1711,2976.0,35913,70,0,1,0.0,1000,8,5,false,73
725,125,499,667,1715,3000.0,35999,70,0,1,0.0,1000,8,5,false,73
725,126,503,667,1719,3024.0,36060,70,0,1,0.0,1000,8,5,false,73
725,127,507,668,1723,3048.0,36151,70,0,1,0.0,1000,8,5,false,73
725,128,511,672,1727,3072.0,36231,70,0,1,0.0,1000,8,5,false,73
725,129,515,674,1731,3096.0,36307,70,0,1,0.0,1000,8,5,false,73
725,130,519,674,1735,3120.0,36379,70,0,1,0.0,1000,8,5,false,73
725,131,523,674,1739,3144.0,36455,70,0,1,0.0,1000,8,5,false,73
725,132,527,675,1743,3168.0,36527,70,0,1,0.0,1000,8,5,false,73
725,133,531,678,1747,3192.0,36608,70,0,1,0.0,1000,8,5,false,73
725,134,535,679,1751,3216.0,36693,70,0,1,0.0,1000,8,5,false,73
725,135,539,679,1755,3240.0,36778,70,0,1,0.0,1000,8,5,false,73
725,136,543,681,1759,3264.0,36835,70,0,1,0.0,1000,8,5,false,73
725,137,547,683,1763,3288.0,36908,70,0,1,0.0,1000,8,5,false,73
725,138,551,683,1767,3312.0,36984,70,0,1,0.0,1000,8,5,false,73
725,139,555,686,1771,3336.0,37055,70,0,1,0.0,1000,8,5,false,73
725,140,559,686,1775,3360.0,37141,70,0,1,0.0,1000,8,5,false,73
725,141,563,687,1779,3384.0,37221,70,0,1,0.0,1000,8,5,false,73
725,142,567,687,1783,3408.0,37313,70,0,1,0.0,1000,8,5,false,73
725,143,571,687,1787,3432.0,37383,70,0,1,0.0,1000,8,5,false,73
725,144,575,688,1791,3456.0,37459,70,0,1,0.0,1000,8,5,false,73
725,145,579,688,1795,3480.0,37522,70,0,1,0.0,1000,8,5,false,73
725,146,583,689,1799,3504.0,37607,70,0,1,0.0,1000,8,5,false,73
725,147,587,689,1803,3528.0,37689,70,0,1,0.0,1000,8,5,false,73
725,148,591,691,1807,3552.0,37762,70,0,1,0.0,1000,8,5,false,73
725,149,595,692,1811,3576.0,37840,70,0,1,0.0,1000,8,5,false,73
725,150,599,692,1815,3600.0,37915,70,0,1,0.0,1000,8,5,false,73
725,151,603,693,1819,3624.0,38002,70,0,1,0.0,1000,8,5,false,73
725,152,607,694,1823,3648.0,38068,70,0,1,0.0,1000,8,5,false,73
725,153,611,696,1827,3672.0,38156,70,0,1,0.0,1000,8,5,false,73
725,154,615,698,1831,3696.0,38235,70,0,1,0.0,1000,8,5,false,73
725,155,619,699,1835,3720.0,38309,70,0,1,0.0,1000,8,5,false,73
725,156,623,700,1839,3744.0,38393,70,0,1,0.0,1000,8,5,false,73
725,157,627,701,1843,3768.0,38466,70,0,1,0.0,1000,8,5,false,73
725,158,631,905,3159,3798.0,56058,70,0,1,0.0,1000,8,5,false,73
725,159,635,906,3163,3822.0,56152,70,0,1,0.0,1000,8,5,false,73
725,160,639,906,3167,3846.0,56230,70,0,1,0.0,1000,8,5,false,73
725,161,643,906,3171,3870.0,56313,70,0,1,0.0,1000,8,5,false,73
725,162,647,906,3175,3894.0,56392,70,0,1,0.0,1000,8,5,false,73
725,163,651,906,3179,3918.0,56468,70,0,1,0.0,1000,8,5,false,73
725,164,655,907,3183,3942.0,56539,70,0,1,0.0,1000,8,5,false,73
725,165,659,909,3187,3966.0,56618,70,0,1,0.0,1000,8,5,false,73
725,166,663,910,3191,3990.0,56690,70,0,1,0.0,1000,8,5,false,73
725,167,667,911,3195,4014.0,56775,70,0,1,0.0,1000,8,5,false,73
725,168,671,911,3199,4038.0,56854,70,0,1,0.0,1000,8,5,false,73
725,169,675,912,3203,4062.0,56923,70,0,1,0.0,1000,8,5,false,73
725,170,679,912,3207,4086.0,56997,70,0,1,0.0,1000,8,5,false,73
725,171,683,913,3211,4110.0,57072,70,0,1,0.0,1000,8,5,false,73
725,172,687,913,3215,4134.0,57140,70,0,1,0.0,1000,8,5,false,73
725,173,691,914,3219,4158.0,57213,70,0,1,0.0,1000,8,5,false,73
725,174,695,914,3223,4182.0,57292,70,0,1,0.0,1000,8,5,false,73
725,175,699,914,3227,4206.0,57381,70,0,1,0.0,1000,8,5,false,73
725,176,703,914,3231,4230.0,57451,70,0,1,0.0,1000,8,5,false,73
725,177,707,914,3235,4254.0,57528,70,0,1,0.0,1000,8,5,false,73
725,178,710,914,3238,4272.0,57600,70,0,1,0.0,1000,8,5,false,73
725,179,714,914,3242,4296.0,57675,70,0,1,0.0,1000,8,5,false,73
725,180,718,914,3246,4320.0,57747,70,0,1,0.0,1000,8,5,false,73
725,181,722,914,3250,4344.0,57831,70,0,1,0.0,1000,8,5,false,73
725,182,726,915,3254,4368.0,57903,70,0,1,0.0,1000,8,5,false,73
725,183,730,915,3258,4392.0,57993,70,0,1,0.0,1000,8,5,false,73
725,184,734,915,3262,4416.0,58068,70,0,1,0.0,1000,8,5,false,73
725,185,738,922,3708,4440.0,75814,70,0,1,0.0,1000,8,5,false,73
725,186,742,922,3712,4464.0,75891,70,0,1,0.0,1000,8,5,false,73
725,187,746,922,3716,4488.0,75976,70,0,1,0.0,1000,8,5,false,73
725,188,750,923,3720,4512.0,76057,70,0,1,0.0,1000,8,5,false,73
725,189,754,923,3724,4536.0,76135,70,0,1,0.0,1000,8,5,false,73
725,190,758,923,3728,4560.0,76208,70,0,1,0.0,1000,8,5,false,73
725,191,762,923,3732,4584.0,76290,70,0,1,0.0,1000,8,5,false,73
725,192,765,923,3735,4602.0,76345,70,0,1,0.0,1000,8,5,false,73
725,193,769,926,3739,4626.0,76433,70,0,1,0.0,1000,8,5,false,73
725,194,773,926,3743,4650.0,76511,70,0,1,0.0,1000,8,5,false,73
725,195,777,926,3747,4674.0,76586,70,0,1,0.0,1000,8,5,false,73
725,196,781,926,3751,4698.0,76660,70,0,1,0.0,1000,8,5,false,73
725,197,785,926,3755,4722.0,76724,70,0,1,0.0,1000,8,5,false,73
725,198,789,926,3759,4746.0,76803,70,0,1,0.0,1000,8,5,false,73
725,199,793,926,3763,4770.0,76887,70,0,1,0.0,1000,8,5,false,73
725,200,797,927,3767,4794.0,76955,70,0,1,0.0,1000,8,5,false,73
725,201,801,927,3771,4818.0,77028,70,0,1,0.0,1000,8,5,false,73
725,202,805,928,3775,4842.0,77101,70,0,1,0.0,1000,8,5,false,73
725,204,813,928,3783,4890.0,77256,70,0,1,0.0,1000,8,5,false,73
725,204,813,928,3783,4890.0,77256,70,0,1,0.0,1000,8,5,false,73
725,205,817,928,3787,4914.0,77321,70,0,1,0.0,1000,8,5,false,73
725,206,821,928,3791,4938.0,77393,70,0,1,0.0,1000,8,5,false,73
725,207,825,928,3795,4962.0,77470,70,0,1,0.0,1000,8,5,false,73
725,208,829,928,3799,4986.0,77553,70,0,1,0.0,1000,8,5,false,73
725,209,833,928,3803,5010.0,77635,70,0,1,0.0,1000,8,5,false,73
725,210,837,928,3807,5034.0,77706,70,0,1,0.0,1000,8,5,false,73
725,211,841,929,3811,5058.0,77785,70,0,1,0.0,1000,8,5,false,73
725,212,845,929,3815,5082.0,77858,70,0,1,0.0,1000,8,5,false,73
725,213,848,930,3818,5100.0,77909,70,0,1,0.0,1000,8,5,false,73
725,214,852,930,3822,5124.0,77996,70,0,1,0.0,1000,8,5,false,73
725,215,856,930,3826,5148.0,78074,70,0,1,0.0,1000,8,5,false,73
725,216,860,930,3830,5172.0,78156,70,0,1,0.0,1000,8,5,false,73
725,217,864,932,3834,5196.0,78235,70,0,1,0.0,1000,8,5,false,73
725,218,868,932,3838,5220.0,78310,70,0,1,0.0,1000,8,5,false,73
725,219,872,932,3842,5244.0,78381,70,0,1,0.0,1000,8,5,false,73
725,220,876,932,3846,5268.0,78446,70,0,1,0.0,1000,8,5,false,73
725,221,880,932,3850,5292.0,78518,70,0,1,0.0,1000,8,5,false,73
725,222,884,932,3854,5316.0,78604,70,0,1,0.0,1000,8,5,false,73
725,223,888,932,3858,5340.0,78686,70,0,1,0.0,1000,8,5,false,73
725,224,892,934,3862,5364.0,78764,70,0,1,0.0,1000,8,5,false,73
725,225,896,934,3866,5388.0,78829,70,0,1,0.0,1000,8,5,false,73
725,226,900,934,3870,5412.0,78907,70,0,1,0.0,1000,8,5,false,73
725,227,904,935,3874,5436.0,78991,70,0,1,0.0,1000,8,5,false,73
725,228,908,935,3878,5460.0,79064,70,0,1,0.0,1000,8,5,false,73
725,229,912,935,3882,5484.0,79144,70,0,1,0.0,1000,8,5,false,73
725,230,916,937,3886,5508.0,79210,70,0,1,0.0,1000,8,5,false,73
725,231,920,937,3890,5532.0,79294,70,0,1,0.0,1000,8,5,false,73
725,232,924,959,4435,5556.0,94653,70,0,1,0.0,1000,8,5,false,73
725,233,928,959,4439,5580.0,94727,70,0,1,0.0,1000,8,5,false,73
725,234,932,960,4443,5604.0,94806,70,0,1,0.0,1000,8,5,false,73
725,235,936,960,4447,5628.0,94894,70,0,1,0.0,1000,8,5,false,73
725,236,940,960,4451,5652.0,94961,70,0,1,0.0,1000,8,5,false,73
725,237,944,960,4455,5676.0,95040,70,0,1,0.0,1000,8,5,false,73
725,238,948,960,4459,5700.0,95118,70,0,1,0.0,1000,8,5,false,73
725,239,952,961,4463,5724.0,95189,70,0,1,0.0,1000,8,5,false,73
725,240,956,961,4467,5748.0,95268,70,0,1,0.0,1000,8,5,false,73
725,241,960,961,4471,5772.0,95337,70,0,1,0.0,1000,8,5,false,73
725,242,964,961,4475,5796.0,95415,70,0,1,0.0,1000,8,5,false,73
725,243,968,962,4479,5820.0,95513,70,0,1,0.0,1000,8,5,false,73
725,244,972,962,4483,5844.0,95590,70,0,1,0.0,1000,8,5,false,73
725,245,976,962,4487,5868.0,95668,70,0,1,0.0,1000,8,5,false,73
725,246,980,962,4491,5892.0,95743,70,0,1,0.0,1000,8,5,false,73
725,247,984,962,4495,5916.0,95828,70,0,1,0.0,1000,8,5,false,73
725,248,988,962,4499,5940.0,95890,70,0,1,0.0,1000,8,5,false,73
725,249,992,963,4503,5964.0,95969,70,1,1,1.0,1000,8,5,false,73
725,250,996,963,4507,5988.0,96048,70,1,1,1.0,1000,8,5,false,73
725,251,1000,964,4511,6012.0,96132,70,1,1,1.0,1000,8,5,false,73
725,252,1004,964,4515,6036.0,96205,70,1,1,1.0,1000,8,5,false,73
725,253,1008,965,4519,6060.0,96274,70,1,1,1.0,1000,8,5,false,73
725,254,1012,965,4523,6084.0,96344,70,1,1,1.0,1000,8,5,false,73
725,255,1016,965,4527,6108.0,96412,70,1,1,1.0,1000,8,5,false,73
725,256,1020,965,4531,6132.0,96489,70,1,1,1.0,1000,8,5,false,73
725,257,1024,966,4535,6156.0,96581,70,1,1,1.0,1000,8,5,false,73
725,258,1028,967,4539,6180.0,96664,70,1,1,1.0,1000,8,5,false,73
725,259,1032,967,4543,6204.0,96740,70,1,1,1.0,1000,8,5,false,73
725,260,1036,968,4547,6228.0,96811,70,1,1,1.0,1000,8,5,false,73
725,261,1039,968,4550,6246.0,96859,70,1,1,1.0,1000,8,5,false,73
725,262,1043,969,4554,6270.0,96954,70,1,1,1.0,1000,8,5,false,73
725,263,1047,991,5240,6300.0,116200,70,1,1,1.0,1000,8,5,false,73
725,264,1051,991,5244,6324.0,116276,70,1,1,1.0,1000,8,5,false,73
725,265,1055,991,5248,6348.0,116352,70,1,1,1.0,1000,8,5,false,73
725,266,1059,991,5252,6372.0,116423,70,1,1,1.0,1000,8,5,false,73
725,267,1063,991,5256,6396.0,116503,70,1,1,1.0,1000,8,5,false,73
725,268,1067,991,5260,6420.0,116579,70,1,1,1.0,1000,8,5,false,73
725,269,1071,991,5264,6444.0,116677,70,1,1,1.0,1000,8,5,false,73
725,270,1075,991,5268,6468.0,116761,70,1,1,1.0,1000,8,5,false,73
725,271,1079,991,5272,6492.0,116833,70,1,1,1.0,1000,8,5,false,73
725,272,1083,991,5276,6516.0,116922,70,1,1,1.0,1000,8,5,false,73
725,273,1087,991,5280,6540.0,116982,70,1,1,1.0,1000,8,5,false,73
725,274,1091,991,5284,6564.0,117066,70,1,1,1.0,1000,8,5,false,73
725,275,1095,991,5288,6588.0,117143,70,1,1,1.0,1000,8,5,false,73
725,276,1099,991,5292,6612.0,117225,70,1,1,1.0,1000,8,5,false,73
725,277,1103,991,5296,6636.0,117317,70,1,1,1.0,1000,8,5,false,73
725,278,1107,991,5300,6660.0,117400,70,1,1,1.0,1000,8,5,false,73
725,279,1111,991,5304,6684.0,117477,70,1,1,1.0,1000,8,5,false,73
725,280,1115,991,5308,6708.0,117544,70,1,1,1.0,1000,8,5,false,73
725,281,1119,991,5312,6732.0,117614,70,1,1,1.0,1000,8,5,false,73
725,282,1123,991,5316,6756.0,117694,70,1,1,1.0,1000,8,5,false,73
725,283,1127,991,5320,6780.0,117762,70,1,1,1.0,1000,8,5,false,73
725,284,1131,992,5324,6804.0,117838,70,1,1,1.0,1000,8,5,false,73
725,285,1135,992,5328,6828.0,117911,70,1,1,1.0,1000,8,5,false,73
725,286,1139,993,5332,6852.0,117978,70,1,1,1.0,1000,8,5,false,73
725,287,1143,993,5336,6876.0,118049,70,1,1,1.0,1000,8,5,false,73
725,288,1147,993,5340,6900.0,118136,70,1,1,1.0,1000,8,5,false,73
725,289,1151,993,5344,6924.0,118217,70,1,1,1.0,1000,8,5,false,73
725,290,1155,994,5348,6948.0,118292,70,1,1,1.0,1000,8,5,false,73
725,291,1158,998,5795,6972.0,137653,70,1,1,1.0,1000,8,5,false,73
725,292,1162,998,5799,6996.0,137740,70,1,1,1.0,1000,8,5,false,73
725,293,1166,998,5803,7020.0,137804,70,1,1,1.0,1000,8,5,false,73
725,294,1170,998,5807,7044.0,137889,70,1,1,1.0,1000,8,5,false,73
725,295,1173,998,5810,7062.0,137949,70,1,1,1.0,1000,8,5,false,73
725,296,1177,998,5814,7086.0,138037,70,1,1,1.0,1000,8,5,false,73
725,297,1181,998,5818,7110.0,138099,70,1,1,1.0,1000,8,5,false,73
725,298,1185,998,5822,7134.0,138178,70,1,1,1.0,1000,8,5,false,73
725,299,1189,998,5826,7158.0,138261,70,1,1,1.0,1000,8,5,false,73
725,300,1193,999,5830,7182.0,138348,70,1,1,1.0,1000,8,5,false,73
725,301,1197,999,5834,7206.0,138444,70,1,1,1.0,1000,8,5,false,73
725,302,1201,999,5838,7230.0,138534,70,1,1,1.0,1000,8,5,false,73
725,303,1205,999,5842,7254.0,138608,70,1,1,1.0,1000,8,5,false,73
725,304,1209,999,5846,7278.0,138685,70,1,1,1.0,1000,8,5,false,73
725,305,1213,999,5850,7302.0,138757,70,1,1,1.0,1000,8,5,false,73
725,306,1217,999,5854,7326.0,138837,70,1,1,1.0,1000,8,5,false,73
725,307,1221,999,5858,7350.0,138902,70,1,1,1.0,1000,8,5,false,73
725,308,1225,999,5862,7374.0,138976,70,1,1,1.0,1000,8,5,false,73
725,309,1229,999,5866,7398.0,139061,70,1,1,1.0,1000,8,5,false,73
725,310,1233,999,5870,7422.0,139144,70,1,1,1.0,1000,8,5,false,73
725,311,1237,999,5874,7446.0,139219,70,1,1,1.0,1000,8,5,false,73
725,312,1241,999,5878,7470.0,139295,70,1,1,1.0,1000,8,5,false,73
725,313,1245,999,5882,7494.0,139372,70,1,1,1.0,1000,8,5,false,73
725,314,1249,999,5886,7518.0,139454,70,1,1,1.0,1000,8,5,false,73
725,315,1253,999,5890,7542.0,139523,70,1,1,1.0,1000,8,5,false,73
725,316,1257,999,5894,7566.0,139596,70,1,1,1.0,1000,8,5,false,73
725,317,1261,999,5898,7590.0,139665,70,1,1,1.0,1000,8,5,false,73
725,318,1265,999,5902,7614.0,139727,70,1,1,1.0,1000,8,5,false,73
725,319,1269,999,5906,7638.0,139811,70,1,1,1.0,1000,8,5,false,73
725,320,1273,999,5910,7662.0,139890,70,1,1,1.0,1000,8,5,false,73
725,321,1277,999,5914,7686.0,139967,70,1,1,1.0,1000,8,5,false,73
725,322,1281,999,5918,7710.0,140050,70,1,1,1.0,1000,8,5,false,73
725,323,1285,999,5922,7734.0,140122,70,1,1,1.0,1000,8,5,false,73
725,324,1289,999,5926,7758.0,140203,70,1,1,1.0,1000,8,5,false,73
725,325,1293,999,5930,7782.0,140296,70,1,1,1.0,1000,8,5,false,73
725,326,1297,999,5934,7806.0,140365,70,1,1,1.0,1000,8,5,false,73
725,327,1301,999,5938,7830.0,140438,70,1,1,1.0,1000,8,5,false,73
725,328,1305,999,5942,7854.0,140517,70,1,1,1.0,1000,8,5,false,73
725,329,1309,999,5946,7878.0,140596,70,1,1,1.0,1000,8,5,false,73
725,330,1313,999,5950,7902.0,140673,70,1,1,1.0,1000,8,5,false,73
725,331,1317,999,5954,7926.0,140773,70,1,1,1.0,1000,8,5,false,73
725,332,1321,999,5958,7950.0,140846,70,1,1,1.0,1000,8,5,false,73
725,333,1325,999,5962,7974.0,140932,70,1,1,1.0,1000,8,5,false,73
725,334,1329,999,5966,7998.0,140997,70,1,1,1.0,1000,8,5,false,73
725,335,1333,999,5970,8022.0,141078,70,1,1,1.0,1000,8,5,false,73
725,336,1337,999,5974,8046.0,141153,70,1,1,1.0,1000,8,5,false,73
725,337,1341,999,5978,8070.0,141228,70,1,1,1.0,1000,8,5,false,73
725,338,1345,999,5982,8094.0,141314,70,1,1,1.0,1000,8,5,false,73
725,339,1349,999,5986,8118.0,141399,70,1,1,1.0,1000,8,5,false,73
725,340,1353,999,5990,8142.0,141470,70,1,1,1.0,1000,8,5,false,73
725,341,1357,999,5994,8166.0,141549,70,1,1,1.0,1000,8,5,false,73
725,342,1361,999,5998,8190.0,141625,70,1,1,1.0,1000,8,5,false,73
725,343,1365,999,6002,8214.0,141691,70,1,1,1.0,1000,8,5,false,73
725,344,1369,999,6006,8238.0,141759,70,1,1,1.0,1000,8,5,false,73
725,345,1373,999,6010,8262.0,141845,70,1,1,1.0,1000,8,5,false,73
725,346,1377,999,6014,8286.0,141919,70,1,1,1.0,1000,8,5,false,73
725,347,1381,999,6018,8310.0,142000,70,1,1,1.0,1000,8,5,false,73
725,348,1385,999,6022,8334.0,142087,70,1,1,1.0,1000,8,5,false,73
725,349,1389,999,6026,8358.0,142163,70,1,1,1.0,1000,8,5,false,73
725,350,1393,999,6030,8382.0,142228,70,1,1,1.0,1000,8,5,false,73
725,351,1397,999,6034,8406.0,142316,70,1,1,1.0,1000,8,5,false,73
725,352,1401,999,6038,8430.0,142379,70,1,1,1.0,1000,8,5,false,73
725,353,1405,999,7032,8454.0,161702,70,1,1,1.0,1000,8,5,false,73
725,354,1409,999,7036,8478.0,161774,70,1,1,1.0,1000,8,5,false,73
725,355,1413,999,7040,8502.0,161837,70,1,1,1.0,1000,8,5,false,73
725,356,1417,999,7044,8526.0,161917,70,1,1,1.0,1000,8,5,false,73
725,357,1421,999,7048,8550.0,162006,70,1,1,1.0,1000,8,5,false,73
725,358,1425,999,7052,8574.0,162079,70,1,1,1.0,1000,8,5,false,73
725,359,1429,999,7056,8598.0,162153,70,1,1,1.0,1000,8,5,false,73
725,360,1433,999,7060,8622.0,162240,70,1,1,1.0,1000,8,5,false,73
725,361,1437,999,7064,8646.0,162311,70,1,1,1.0,1000,8,5,false,73
725,362,1441,999,7068,8670.0,162393,70,1,1,1.0,1000,8,5,false,73
725,363,1445,999,7072,8694.0,162463,70,1,1,1.0,1000,8,5,false,73
725,364,1449,999,7076,8718.0,162542,70,1,1,1.0,1000,8,5,false,73
725,365,1453,999,7080,8742.0,162609,70,1,1,1.0,1000,8,5,false,73
725,366,1457,999,7084,8766.0,162686,70,1,1,1.0,1000,8,5,false,73
725,367,1461,999,7088,8790.0,162771,70,1,1,1.0,1000,8,5,false,73
725,368,1465,999,7092,8814.0,162856,70,1,1,1.0,1000,8,5,false,73
725,369,1469,999,7096,8838.0,162932,70,1,1,1.0,1000,8,5,false,73
725,370,1472,999,7099,8856.0,162990,70,1,1,1.0,1000,8,5,false,73
725,371,1476,999,7103,8880.0,163060,70,1,1,1.0,1000,8,5,false,73
725,372,1480,999,7107,8904.0,163143,70,1,1,1.0,1000,8,5,false,73
725,373,1484,999,7111,8928.0,163247,70,1,1,1.0,1000,8,5,false,73
725,374,1488,999,7115,8952.0,163317,70,1,1,1.0,1000,8,5,false,73
725,375,1492,999,7119,8976.0,163405,70,1,1,1.0,1000,8,5,false,73
725,376,1496,999,7123,9000.0,163491,70,1,1,1.0,1000,8,5,false,73
725,377,1500,999,7127,9024.0,163561,70,1,1,1.0,1000,8,5,false,73
725,378,1504,999,7131,9048.0,163645,70,1,1,1.0,1000,8,5,false,73
725,379,1508,999,7135,9072.0,163718,70,1,1,1.0,1000,8,5,false,73
725,380,1512,999,7139,9096.0,163791,70,1,1,1.0,1000,8,5,false,73
725,381,1516,999,7143,9120.0,163872,70,1,1,1.0,1000,8,5,false,73
725,382,1520,999,7147,9144.0,163958,70,1,1,1.0,1000,8,5,false,73
725,383,1524,1000,7627,9168.0,183337,70,1,1,1.0,1000,8,5,false,73
725,384,1528,1000,7631,9192.0,183435,70,1,1,1.0,1000,8,5,false,73
725,385,1532,1000,7635,9216.0,183517,70,1,1,1.0,1000,8,5,false,73
725,386,1536,1000,7639,9240.0,183589,70,1,1,1.0,1000,8,5,false,73
725,387,1540,1000,7643,9264.0,183663,70,1,1,1.0,1000,8,5,false,73
725,388,1544,1000,7647,9288.0,183740,70,1,1,1.0,1000,8,5,false,73
725,389,1548,1000,7651,9312.0,183825,70,1,1,1.0,1000,8,5,false,73
725,390,1552,1000,7655,9336.0,183896,70,1,1,1.0,1000,8,5,false,73
725,391,1556,1000,7659,9360.0,183979,70,1,1,1.0,1000,8,5,false,73
725,392,1560,1000,7663,9384.0,184051,70,1,1,1.0,1000,8,5,false,73
725,393,1564,1000,7667,9408.0,184118,70,1,1,1.0,1000,8,5,false,73
725,394,1568,1000,7671,9432.0,184188,70,1,1,1.0,1000,8,5,false,73
725,395,1572,1000,7675,9456.0,184267,70,1,1,1.0,1000,8,5,false,73
725,396,1576,1000,7679,9480.0,184345,70,1,1,1.0,1000,8,5,false,73
725,397,1580,1000,7683,9504.0,184420,70,1,1,1.0,1000,8,5,false,73
725,398,1584,1000,7687,9528.0,184505,70,1,1,1.0,1000,8,5,false,73
725,399,1588,1000,7691,9552.0,184582,70,1,1,1.0,1000,8,5,false,73
725,400,1592,1000,7695,9576.0,184651,70,1,1,1.0,1000,8,5,false,73
725,401,1596,1000,8006,9600.0,204044,70,1,1,1.0,1000,8,5,false,73
725,402,1600,1000,8010,9624.0,204118,70,1,1,1.0,1000,8,5,false,73
725,403,1604,1000,8014,9648.0,204200,70,1,1,1.0,1000,8,5,false,73
725,404,1608,1000,8018,9672.0,204280,70,1,1,1.0,1000,8,5,false,73
725,405,1612,1000,8022,9696.0,204351,70,1,1,1.0,1000,8,5,false,73
725,406,1616,1000,8026,9720.0,204446,70,1,1,1.0,1000,8,5,false,73
725,407,1620,1000,8030,9744.0,204523,70,1,1,1.0,1000,8,5,false,73
725,408,1624,1000,8034,9768.0,204606,70,1,1,1.0,1000,8,5,false,73
725,409,1628,1000,8038,9792.0,204684,70,1,1,1.0,1000,8,5,false,73
725,410,1632,1000,8042,9816.0,204772,70,1,1,1.0,1000,8,5,false,73
725,411,1636,1000,8046,9840.0,204850,70,1,1,1.0,1000,8,5,false,73
725,412,1639,1000,8049,9858.0,204907,70,1,1,1.0,1000,8,5,false,73
725,413,1643,1000,8053,9882.0,204977,70,1,1,1.0,1000,8,5,false,73
725,414,1647,1000,8057,9906.0,205051,70,1,1,1.0,1000,8,5,false,73
725,415,1651,1000,8061,9930.0,205125,70,1,1,1.0,1000,8,5,false,73
725,416,1655,1000,8065,9954.0,205197,70,1,1,1.0,1000,8,5,false,73
725,417,1659,1000,8069,9978.0,205282,70,1,1,1.0,1000,8,5,false,73
725,418,1663,1000,8073,10002.0,205366,70,1,1,1.0,1000,8,5,false,73
725,419,1667,1000,8077,10026.0,205460,70,1,1,1.0,1000,8,5,false,73
725,420,1671,1000,8081,10050.0,205534,70,1,1,1.0,1000,8,5,false,73
725,421,1675,1000,8085,10074.0,205617,70,1,1,1.0,1000,8,5,false,73
725,422,1679,1000,8089,10098.0,205700,70,1,1,1.0,1000,8,5,false,73
725,423,1683,1000,8093,10122.0,205771,70,1,1,1.0,1000,8,5,false,73
725,424,1687,1000,8097,10146.0,205844,70,1,1,1.0,1000,8,5,false,73
725,425,1691,1000,8101,10170.0,205918,70,1,1,1.0,1000,8,5,false,73
725,426,1695,1000,8105,10194.0,205996,70,1,1,1.0,1000,8,5,false,73
725,427,1699,1000,8109,10218.0,206081,70,1,1,1.0,1000,8,5,false,73
725,428,1703,1000,8113,10242.0,206154,70,1,1,1.0,1000,8,5,false,73
725,429,1707,1000,8117,10266.0,206212,70,1,1,1.0,1000,8,5,false,73
725,430,1711,1000,8121,10290.0,206282,70,1,1,1.0,1000,8,5,false,73
725,431,1715,1000,8125,10314.0,206353,70,1,1,1.0,1000,8,5,false,73
725,432,1719,1000,8129,10338.0,206437,70,1,1,1.0,1000,8,5,false,73
725,433,1723,1000,8133,10362.0,206514,70,1,1,1.0,1000,8,5,false,73
725,434,1727,1000,8137,10386.0,206597,70,1,1,1.0,1000,8,5,false,73
725,435,1731,1000,8141,10410.0,206674,70,1,1,1.0,1000,8,5,false,73
725,436,1735,1000,8145,10434.0,206763,70,1,1,1.0,1000,8,5,false,73
725,437,1739,1000,8149,10458.0,206845,70,1,1,1.0,1000,8,5,false,73
725,438,1743,1000,8153,10482.0,206923,70,1,1,1.0,1000,8,5,false,73
725,439,1747,1000,8157,10506.0,206989,70,1,1,1.0,1000,8,5,false,73
725,440,1751,1000,8161,10530.0,207060,70,1,1,1.0,1000,8,5,false,73
725,441,1755,1000,8165,10554.0,207133,70,1,1,1.0,1000,8,5,false,73
725,442,1759,1000,8169,10578.0,207221,70,1,1,1.0,1000,8,5,false,73
725,443,1763,1000,8173,10602.0,207296,70,1,1,1.0,1000,8,5,false,73
725,444,1767,1000,8177,10626.0,207373,70,1,1,1.0,1000,8,5,false,73
725,445,1771,1000,8181,10650.0,207458,70,1,1,1.0,1000,8,5,false,73
725,446,1775,1000,8185,10674.0,207537,70,1,1,1.0,1000,8,5,false,73
725,447,1779,1000,8189,10698.0,207616,70,1,1,1.0,1000,8,5,false,73
725,448,1783,1000,8193,10722.0,207686,70,1,1,1.0,1000,8,5,false,73
725,449,1787,1000,8197,10746.0,207770,70,1,1,1.0,1000,8,5,false,73
725,450,1791,1000,8201,10770.0,207851,70,1,1,1.0,1000,8,5,false,73
725,451,1795,1000,8205,10794.0,207923,70,1,1,1.0,1000,8,5,false,73
725,452,1799,1000,8209,10818.0,207986,70,1,1,1.0,1000,8,5,false,73
725,453,1803,1000,8213,10842.0,208067,70,1,1,1.0,1000,8,5,false,73
725,454,1807,1000,8217,10866.0,208148,70,1,1,1.0,1000,8,5,false,73
725,455,1811,1000,8221,10890.0,208242,70,1,1,1.0,1000,8,5,false,73
725,456,1814,1000,8224,10908.0,208293,70,1,1,1.0,1000,8,5,false,73
725,457,1818,1000,8228,10932.0,208374,70,1,1,1.0,1000,8,5,false,73
725,458,1822,1000,8232,10956.0,208455,70,1,1,1.0,1000,8,5,false,73
725,459,1826,1000,8236,10980.0,208532,70,1,1,1.0,1000,8,5,false,73
725,460,1830,1000,8240,11004.0,208609,70,1,1,1.0,1000,8,5,false,73
725,461,1834,1000,8244,11028.0,208696,70,1,1,1.0,1000,8,5,false,73
725,462,1838,1000,8248,11052.0,208782,70,1,1,1.0,1000,8,5,false,73
725,463,1842,1000,8252,11076.0,208864,70,1,1,1.0,1000,8,5,false,73
725,464,1846,1000,8256,11100.0,208930,70,1,1,1.0,1000,8,5,false,73
725,465,1850,1000,8260,11124.0,208998,70,1,1,1.0,1000,8,5,false,73
725,466,1854,1000,8264,11148.0,209079,70,1,1,1.0,1000,8,5,false,73
725,467,1858,1000,8268,11172.0,209158,70,1,1,1.0,1000,8,5,false,73
725,468,1862,1000,8272,11196.0,209228,70,1,1,1.0,1000,8,5,false,73
725,469,1866,1000,8276,11220.0,209306,70,1,1,1.0,1000,8,5,false,73
725,470,1870,1000,8280,11244.0,209392,70,1,1,1.0,1000,8,5,false,73
725,471,1874,1000,8284,11268.0,209483,70,1,1,1.0,1000,8,5,false,73
725,472,1878,1000,8288,11292.0,209556,70,1,1,1.0,1000,8,5,false,73
725,473,1882,1000,9424,11322.0,228980,70,1,1,1.0,1000,8,5,false,73
725,474,1886,1000,9428,11346.0,229059,70,1,1,1.0,1000,8,5,false,73
725,475,1890,1000,9479,11376.0,248474,70,1,1,1.0,1000,8,5,false,73
725,476,1894,1000,9483,11400.0,248562,70,1,1,1.0,1000,8,5,false,73
725,477,1898,1000,9487,11424.0,248645,70,1,1,1.0,1000,8,5,false,73
725,478,1902,1000,9491,11448.0,248717,70,1,1,1.0,1000,8,5,false,73
725,479,1906,1000,9495,11472.0,248792,70,1,1,1.0,1000,8,5,false,73
725,480,1910,1000,9499,11496.0,248871,70,1,1,1.0,1000,8,5,false,73
725,481,1914,1000,9503,11520.0,248939,70,1,1,1.0,1000,8,5,false,73
725,482,1918,1000,9507,11544.0,249010,70,1,1,1.0,1000,8,5,false,73
725,483,1922,1000,9656,11568.0,268404,70,1,1,1.0,1000,8,5,false,73
725,484,1925,1000,9659,11586.0,268454,70,1,1,1.0,1000,8,5,false,73
725,485,1929,1000,9663,11610.0,268526,70,1,1,1.0,1000,8,5,false,73
725,486,1933,1000,9667,11634.0,268593,70,1,1,1.0,1000,8,5,false,73
725,487,1937,1000,9671,11658.0,268676,70,1,1,1.0,1000,8,5,false,73
725,488,1941,1000,9675,11682.0,268757,70,1,1,1.0,1000,8,5,false,73
725,489,1945,1000,9679,11706.0,268833,70,1,1,1.0,1000,8,5,false,73
725,490,1949,1000,9683,11730.0,268914,70,1,1,1.0,1000,8,5,false,73
725,491,1953,1000,9687,11754.0,268993,70,1,1,1.0,1000,8,5,false,73
725,492,1957,1000,9691,11778.0,269061,70,1,1,1.0,1000,8,5,false,73
725,493,1961,1000,9695,11802.0,269146,70,1,1,1.0,1000,8,5,false,73
725,494,1965,1000,9699,11826.0,269227,70,1,1,1.0,1000,8,5,false,73
725,495,1969,1000,9703,11850.0,269303,70,1,1,1.0,1000,8,5,false,73
725,496,1973,1000,9707,11874.0,269378,70,1,1,1.0,1000,8,5,false,73
725,497,1977,1000,9711,11898.0,269443,70,1,1,1.0,1000,8,5,false,73
725,498,1981,1000,9715,11922.0,269524,70,1,1,1.0,1000,8,5,false,73
725,499,1985,1000,9719,11946.0,269581,70,1,1,1.0,1000,8,5,false,73
725,500,1989,1000,9723,11970.0,269644,70,1,1,1.0,1000,8,5,false,73
725,501,1993,1000,9727,11994.0,269707,70,1,1,1.0,1000,8,5,false,73
725,502,1997,1000,9731,12018.0,269790,70,1,1,1.0,1000,8,5,false,73
725,503,2001,1000,9735,12042.0,269866,70,1,1,1.0,1000,8,5,false,73
725,504,2005,1000,9739,12066.0,269944,70,1,1,1.0,1000,8,5,false,73
725,505,2009,1000,9743,12090.0,270025,70,1,1,1.0,1000,8,5,false,73
725,506,2013,1000,9747,12114.0,270104,70,1,1,1.0,1000,8,5,false,73
725,507,2017,1000,9751,12138.0,270180,70,1,1,1.0,1000,8,5,false,73
725,508,2021,1000,9755,12162.0,270251,70,1,1,1.0,1000,8,5,false,73
725,509,2025,1000,9759,12186.0,270335,70,1,1,1.0,1000,8,5,false,73
725,510,2029,1000,9763,12210.0,270414,70,1,1,1.0,1000,8,5,false,73
725,511,2033,1000,9767,12234.0,270480,70,1,1,1.0,1000,8,5,false,73
725,512,2037,1000,9771,12258.0,270565,70,1,1,1.0,1000,8,5,false,73
725,513,2041,1000,9775,12282.0,270643,70,1,1,1.0,1000,8,5,false,73
725,514,2045,1000,9779,12306.0,270720,70,1,1,1.0,1000,8,5,false,73
725,515,2049,1000,9783,12330.0,270805,70,1,1,1.0,1000,8,5,false,73
725,516,2053,1000,9787,12354.0,270899,70,1,1,1.0,1000,8,5,false,73
725,517,2057,1000,10332,12378.0,290292,70,1,1,1.0,1000,8,5,false,73
725,518,2061,1000,10336,12402.0,290365,70,1,1,1.0,1000,8,5,false,73
725,519,2065,1000,10340,12426.0,290437,70,1,1,1.0,1000,8,5,false,73
725,520,2069,1000,10344,12450.0,290504,70,1,1,1.0,1000,8,5,false,73
725,521,2073,1000,10348,12474.0,290582,70,1,1,1.0,1000,8,5,false,73
725,522,2077,1000,10352,12498.0,290656,70,1,1,1.0,1000,8,5,false,73
725,523,2081,1000,10356,12522.0,290721,70,1,1,1.0,1000,8,5,false,73
725,524,2085,1000,10360,12546.0,290803,70,1,1,1.0,1000,8,5,false,73
725,525,2089,1000,10364,12570.0,290880,70,1,1,1.0,1000,8,5,false,73
725,526,2093,1000,10368,12594.0,290955,70,1,1,1.0,1000,8,5,false,73
725,527,2097,1000,10372,12618.0,291044,70,1,1,1.0,1000,8,5,false,73
725,528,2101,1000,10376,12642.0,291124,70,1,1,1.0,1000,8,5,false,73
725,529,2105,1000,10380,12666.0,291196,70,1,1,1.0,1000,8,5,false,73
725,530,2109,1000,10384,12690.0,291276,70,1,1,1.0,1000,8,5,false,73
725,531,2113,1000,10388,12714.0,291347,70,1,1,1.0,1000,8,5,false,73
725,532,2117,1000,10392,12738.0,291446,70,1,1,1.0,1000,8,5,false,73
725,533,2121,1000,10396,12762.0,291519,70,1,1,1.0,1000,8,5,false,73
725,534,2125,1000,10400,12786.0,291580,70,1,1,1.0,1000,8,5,false,73
725,535,2129,1000,10404,12810.0,291658,70,1,1,1.0,1000,8,5,false,73
725,536,2133,1000,10408,12834.0,291740,70,1,1,1.0,1000,8,5,false,73
725,537,2137,1000,10412,12858.0,291819,70,1,1,1.0,1000,8,5,false,73
725,538,2141,1000,10416,12882.0,291894,70,1,1,1.0,1000,8,5,false,73
725,539,2145,1000,10420,12906.0,291972,70,1,1,1.0,1000,8,5,false,73
725,540,2149,1000,10424,12930.0,292060,70,1,1,1.0,1000,8,5,false,73
725,541,2153,1000,10428,12954.0,292131,70,1,1,1.0,1000,8,5,false,73
725,542,2157,1000,10432,12978.0,292203,70,1,1,1.0,1000,8,5,false,73
725,543,2161,1000,10436,13002.0,292287,70,1,1,1.0,1000,8,5,false,73
725,544,2165,1000,10440,13026.0,292368,70,1,1,1.0,1000,8,5,false,73
725,545,2169,1000,10444,13050.0,292454,70,1,1,1.0,1000,8,5,false,73
725,546,2173,1000,10448,13074.0,292541,70,1,1,1.0,1000,8,5,false,73
725,547,2177,1000,10452,13098.0,292612,70,1,1,1.0,1000,8,5,false,73
725,548,2181,1000,10456,13122.0,292693,70,1,1,1.0,1000,8,5,false,73
725,549,2185,1000,10460,13146.0,292768,70,1,1,1.0,1000,8,5,false,73
725,550,2189,1000,10464,13170.0,292852,70,1,1,1.0,1000,8,5,false,73
725,551,2193,1000,10468,13194.0,292926,70,1,1,1.0,1000,8,5,false,73
725,552,2197,1000,10472,13218.0,292993,70,1,1,1.0,1000,8,5,false,73
725,553,2201,1000,10476,13242.0,293067,70,1,1,1.0,1000,8,5,false,73
725,554,2205,1000,10480,13266.0,293135,70,1,1,1.0,1000,8,5,false,73
725,555,2209,1000,10484,13290.0,293206,70,1,1,1.0,1000,8,5,false,73
725,556,2213,1000,10488,13314.0,293283,70,1,1,1.0,1000,8,5,false,73
725,557,2217,1000,10492,13338.0,293354,70,1,1,1.0,1000,8,5,false,73
725,558,2221,1000,10496,13362.0,293432,70,1,1,1.0,1000,8,5,false,73
725,559,2225,1000,10500,13386.0,293517,70,1,1,1.0,1000,8,5,false,73
725,560,2229,1000,10504,13410.0,293600,70,1,1,1.0,1000,8,5,false,73
725,561,2233,1000,10508,13434.0,293672,70,1,1,1.0,1000,8,5,false,73
725,562,2237,1000,10512,13458.0,293740,70,1,1,1.0,1000,8,5,false,73
725,563,2241,1000,10516,13482.0,293821,70,1,1,1.0,1000,8,5,false,73
725,564,2245,1000,10520,13506.0,293900,70,1,1,1.0,1000,8,5,false,73
725,565,2249,1000,10524,13530.0,293992,70,1,1,1.0,1000,8,5,false,73
725,566,2253,1000,10528,13554.0,294073,70,1,1,1.0,1000,8,5,false,73
725,567,2257,1000,10532,13578.0,294150,70,1,1,1.0,1000,8,5,false,73
725,568,2261,1000,10536,13602.0,294213,70,1,1,1.0,1000,8,5,false,73
725,569,2265,1000,10540,13626.0,294289,70,1,1,1.0,1000,8,5,false,73
725,570,2269,1000,10544,13650.0,294368,70,1,1,1.0,1000,8,5,false,73
725,571,2273,1000,10548,13674.0,294434,70,1,1,1.0,1000,8,5,false,73
725,572,2277,1000,10552,13698.0,294507,70,1,1,1.0,1000,8,5,false,73
725,573,2281,1000,10556,13722.0,294583,70,1,1,1.0,1000,8,5,false,73
725,574,2285,1000,10560,13746.0,294662,70,1,1,1.0,1000,8,5,false,73
725,575,2289,1000,10564,13770.0,294743,70,1,1,1.0,1000,8,5,false,73
725,576,2293,1000,10568,13794.0,294821,70,1,1,1.0,1000,8,5,false,73
725,577,2297,1000,10572,13818.0,294890,70,1,1,1.0,1000,8,5,false,73
725,578,2301,1000,10576,13842.0,294980,70,1,1,1.0,1000,8,5,false,73
725,579,2305,1000,10580,13866.0,295068,70,1,1,1.0,1000,8,5,false,73
725,580,2309,1000,10584,13890.0,295147,70,1,1,1.0,1000,8,5,false,73
725,581,2313,1000,10588,13914.0,295226,70,1,1,1.0,1000,8,5,false,73
725,582,2317,1000,10592,13938.0,295302,70,1,1,1.0,1000,8,5,false,73
725,583,2321,1000,10596,13962.0,295368,70,1,1,1.0,1000,8,5,false,73
725,584,2325,1000,10600,13986.0,295440,70,1,1,1.0,1000,8,5,false,73
725,585,2329,1000,10604,14010.0,295519,70,1,1,1.0,1000,8,5,false,73
725,586,2333,1000,10608,14034.0,295596,70,1,1,1.0,1000,8,5,false,73
725,587,2337,1000,10612,14058.0,295676,70,1,1,1.0,1000,8,5,false,73
725,588,2341,1000,11760,14088.0,315087,70,1,1,1.0,1000,8,5,false,73
725,589,2345,1000,11764,14112.0,315165,70,1,1,1.0,1000,8,5,false,73
725,590,2349,1000,11770,14136.0,334565,70,1,1,1.0,1000,8,5,false,73
725,591,2353,1000,11774,14160.0,334642,70,1,1,1.0,1000,8,5,false,73
725,592,2357,1000,11778,14184.0,334725,70,1,1,1.0,1000,8,5,false,73
725,593,2361,1000,11782,14208.0,334792,70,1,1,1.0,1000,8,5,false,73
725,594,2365,1000,11786,14232.0,334864,70,1,1,1.0,1000,8,5,false,73
725,595,2369,1000,11790,14256.0,334958,70,1,1,1.0,1000,8,5,false,73
725,596,2373,1000,11794,14280.0,335047,70,1,1,1.0,1000,8,5,false,73
725,597,2377,1000,11798,14304.0,335129,70,1,1,1.0,1000,8,5,false,73
725,598,2381,1000,11802,14328.0,335205,70,1,1,1.0,1000,8,5,false,73
725,599,2385,1000,11806,14352.0,335279,70,1,1,1.0,1000,8,5,false,73
725,600,2389,1000,11810,14376.0,335344,70,1,1,1.0,1000,8,5,false,73
725,601,2393,1000,11814,14400.0,335422,70,1,1,1.0,1000,8,5,false,73
725,602,2397,1000,11818,14424.0,335492,70,1,1,1.0,1000,8,5,false,73
725,603,2401,1000,11822,14448.0,335568,70,1,1,1.0,1000,8,5,false,73
725,604,2405,1000,11826,14472.0,335645,70,1,1,1.0,1000,8,5,false,73
725,605,2409,1000,11830,14496.0,335715,70,1,1,1.0,1000,8,5,false,73
725,606,2412,1000,11833,14514.0,335768,70,1,1,1.0,1000,8,5,false,73
725,607,2416,1000,11837,14538.0,335840,70,1,1,1.0,1000,8,5,false,73
725,608,2420,1000,11841,14562.0,335910,70,1,1,1.0,1000,8,5,false,73
725,609,2424,1000,11845,14586.0,335985,70,1,1,1.0,1000,8,5,false,73
725,610,2428,1000,11849,14610.0,336057,70,1,1,1.0,1000,8,5,false,73
725,611,2432,1000,11853,14634.0,336138,70,1,1,1.0,1000,8,5,false,73
725,612,2436,1000,11857,14658.0,336207,70,1,1,1.0,1000,8,5,false,73
725,613,2440,1000,11861,14682.0,336287,70,1,1,1.0,1000,8,5,false,73
725,614,2444,1000,11865,14706.0,336353,70,1,1,1.0,1000,8,5,false,73
725,615,2448,1000,11869,14730.0,336429,70,1,1,1.0,1000,8,5,false,73
725,616,2452,1000,12292,14754.0,355833,70,1,1,1.0,1000,8,5,false,73
725,618,2460,1000,12300,14802.0,355975,70,1,1,1.0,1000,8,5,false,73
725,618,2460,1000,12300,14802.0,355975,70,1,1,1.0,1000,8,5,false,73
725,619,2464,1000,12304,14826.0,356051,70,1,1,1.0,1000,8,5,false,73
725,620,2468,1000,12308,14850.0,356114,70,1,1,1.0,1000,8,5,false,73
725,621,2472,1000,12312,14874.0,356186,70,1,1,1.0,1000,8,5,false,73
725,623,2480,1000,12320,14922.0,356334,70,1,1,1.0,1000,8,5,false,73
725,623,2480,1000,12320,14922.0,356334,70,1,1,1.0,1000,8,5,false,73
725,624,2484,1000,12324,14946.0,356404,70,1,1,1.0,1000,8,5,false,73
725,625,2488,1000,12328,14970.0,356488,70,1,1,1.0,1000,8,5,false,73
725,626,2492,1000,12332,14994.0,356565,70,1,1,1.0,1000,8,5,false,73
725,627,2496,1000,12336,15018.0,356635,70,1,1,1.0,1000,8,5,false,73
725,628,2500,1000,12524,15048.0,376042,70,1,1,1.0,1000,8,5,false,73
725,629,2504,1000,12528,15072.0,376128,70,1,1,1.0,1000,8,5,false,73
725,630,2508,1000,12532,15096.0,376218,70,1,1,1.0,1000,8,5,false,73
725,631,2512,1000,12536,15120.0,376303,70,1,1,1.0,1000,8,5,false,73
725,632,2516,1000,12540,15144.0,376365,70,1,1,1.0,1000,8,5,false,73
725,633,2520,1000,12544,15168.0,376436,70,1,1,1.0,1000,8,5,false,73
725,634,2524,1000,12548,15192.0,376504,70,1,1,1.0,1000,8,5,false,73
725,635,2528,1000,12552,15216.0,376591,70,1,1,1.0,1000,8,5,false,73
725,636,2532,1000,12556,15240.0,376668,70,1,1,1.0,1000,8,5,false,73
725,637,2536,1000,12560,15264.0,376741,70,1,1,1.0,1000,8,5,false,73
725,638,2540,1000,12564,15288.0,376814,70,1,1,1.0,1000,8,5,false,73
725,639,2544,1000,12568,15312.0,376880,70,1,1,1.0,1000,8,5,false,73
725,640,2548,1000,12761,15336.0,396282,70,1,1,1.0,1000,8,5,false,73
725,641,2552,1000,12765,15360.0,396377,70,1,1,1.0,1000,8,5,false,73
725,642,2556,1000,12769,15384.0,396460,70,1,1,1.0,1000,8,5,false,73
725,643,2560,1000,12773,15408.0,396552,70,1,1,1.0,1000,8,5,false,73
725,644,2564,1000,12777,15432.0,396631,70,1,1,1.0,1000,8,5,false,73
725,645,2568,1000,12781,15456.0,396711,70,1,1,1.0,1000,8,5,false,73
725,646,2572,1000,12869,15486.0,416125,70,1,1,1.0,1000,8,5,false,73
725,647,2576,1000,12873,15510.0,416210,70,1,1,1.0,1000,8,5,false,73
725,648,2580,1000,12877,15534.0,416274,70,1,1,1.0,1000,8,5,false,73
725,649,2584,1000,12881,15558.0,416347,70,1,1,1.0,1000,8,5,false,73
725,650,2588,1000,12885,15582.0,416428,70,1,1,1.0,1000,8,5,false,73
725,651,2592,1000,12889,15606.0,416519,70,1,1,1.0,1000,8,5,false,73
725,652,2596,1000,12893,15630.0,416593,70,1,1,1.0,1000,8,5,false,73
725,653,2600,1000,12897,15654.0,416675,70,1,1,1.0,1000,8,5,false,73
725,654,2604,1000,12901,15678.0,416748,70,1,1,1.0,1000,8,5,false,73
725,655,2608,1000,12905,15702.0,416831,70,1,1,1.0,1000,8,5,false,73
725,656,2612,1000,13069,15732.0,436253,70,1,1,1.0,1000,8,5,false,73
725,657,2616,1000,13073,15756.0,436329,70,1,1,1.0,1000,8,5,false,73
725,658,2620,1000,13077,15780.0,436401,70,1,1,1.0,1000,8,5,false,73
725,659,2624,1000,13081,15804.0,436478,70,1,1,1.0,1000,8,5,false,73
725,660,2628,1000,13085,15828.0,436555,70,1,1,1.0,1000,8,5,false,73
725,661,2632,1000,13089,15852.0,436631,70,1,1,1.0,1000,8,5,false,73
725,662,2636,1000,13197,15876.0,456036,70,1,1,1.0,1000,8,5,false,73
725,663,2640,1000,13201,15900.0,456117,70,1,1,1.0,1000,8,5,false,73
725,664,2644,1000,13205,15924.0,456187,70,1,1,1.0,1000,8,5,false,73
725,665,2648,1000,13209,15948.0,456260,70,1,1,1.0,1000,8,5,false,73
725,666,2652,1000,13213,15972.0,456344,70,1,1,1.0,1000,8,5,false,73
725,667,2656,1000,13217,15996.0,456420,70,1,1,1.0,1000,8,5,false,73
725,668,2660,1000,13221,16020.0,456495,70,1,1,1.0,1000,8,5,false,73
725,669,2664,1000,13225,16044.0,456585,70,1,1,1.0,1000,8,5,false,73
725,670,2669,1000,13320,16074.0,476016,70,1,1,1.0,1000,8,5,false,73
725,671,2673,1000,13324,16098.0,476093,70,1,1,1.0,1000,8,5,false,73
725,672,2677,1000,13328,16122.0,476167,70,1,1,1.0,1000,8,5,false,73
725,673,2681,1000,13332,16146.0,476238,70,1,1,1.0,1000,8,5,false,73
725,674,2685,1000,13336,16170.0,476322,70,1,1,1.0,1000,8,5,false,73
725,675,2689,1000,13340,16194.0,476403,70,1,1,1.0,1000,8,5,false,73
725,676,2693,1000,13344,16218.0,476474,70,1,1,1.0,1000,8,5,false,73
725,677,2697,1000,13348,16242.0,476543,70,1,1,1.0,1000,8,5,false,73
725,678,2701,1000,13352,16266.0,476613,70,1,1,1.0,1000,8,5,false,73
725,679,2705,1000,13356,16290.0,476693,70,1,1,1.0,1000,8,5,false,73
725,680,2709,1000,13360,16314.0,476777,70,1,1,1.0,1000,8,5,false,73
725,681,2714,1000,13365,16344.0,476872,70,1,1,1.0,1000,8,5,false,73
725,682,2718,1000,13369,16368.0,476955,70,1,1,1.0,1000,8,5,false,73
725,683,2721,1000,13372,16386.0,477020,70,1,1,1.0,1000,8,5,false,73
725,684,2725,1000,13376,16410.0,477099,70,1,1,1.0,1000,8,5,false,73
725,685,2729,1000,13604,16440.0,496520,70,1,1,1.0,1000,8,5,false,73
725,686,2733,1000,13608,16464.0,496591,70,1,1,1.0,1000,8,5,false,73
725,687,2737,1000,13612,16488.0,496675,70,1,1,1.0,1000,8,5,false,73
725,688,2741,1000,13616,16512.0,496756,70,1,1,1.0,1000,8,5,false,73
725,689,2745,1000,13620,16536.0,496829,70,1,1,1.0,1000,8,5,false,73
725,690,2749,1000,13624,16560.0,496906,70,1,1,1.0,1000,8,5,false,73
725,691,2753,1000,13628,16584.0,496984,70,1,1,1.0,1000,8,5,false,73
725,692,2757,1000,13632,16608.0,497072,70,1,1,1.0,1000,8,5,false,73
725,693,2761,1000,13636,16632.0,497143,70,1,1,1.0,1000,8,5,false,73
725,694,2765,1000,13640,16656.0,497210,70,1,1,1.0,1000,8,5,false,73
725,695,2769,1000,13644,16680.0,497286,70,1,1,1.0,1000,8,5,false,73
725,696,2773,1000,13648,16704.0,497366,70,1,1,1.0,1000,8,5,false,73
725,697,2777,1000,13652,16728.0,497443,70,1,1,1.0,1000,8,5,false,73
725,698,2781,1000,13656,16752.0,497505,70,1,1,1.0,1000,8,5,false,73
725,699,2785,1000,13660,16776.0,497568,70,1,1,1.0,1000,8,5,false,73
725,700,2789,1000,13664,16800.0,497652,70,1,1,1.0,1000,8,5,false,73
725,701,2793,1000,13668,16824.0,497724,70,1,1,1.0,1000,8,5,false,73
725,702,2797,1000,13672,16848.0,497824,70,1,1,1.0,1000,8,5,false,73
725,703,2801,1000,13676,16872.0,497894,70,1,1,1.0,1000,8,5,false,73
725,704,2805,1000,13680,16896.0,497961,70,1,1,1.0,1000,8,5,false,73
725,705,2809,1000,13684,16920.0,498051,70,1,1,1.0,1000,8,5,false,73
725,706,2813,1000,13688,16944.0,498135,70,1,1,1.0,1000,8,5,false,73
725,707,2817,1000,13692,16968.0,498216,70,1,1,1.0,1000,8,5,false,73
725,708,2821,1000,13696,16992.0,498286,70,1,1,1.0,1000,8,5,false,73
725,709,2825,1000,13700,17016.0,498359,70,1,1,1.0,1000,8,5,false,73
725,710,2829,1000,13704,17040.0,498445,70,1,1,1.0,1000,8,5,false,73
725,711,2833,1000,13708,17064.0,498531,70,1,1,1.0,1000,8,5,false,73
725,712,2837,1000,13712,17088.0,498607,70,1,1,1.0,1000,8,5,false,73
725,713,2841,1000,13716,17112.0,498687,70,1,1,1.0,1000,8,5,false,73
725,714,2845,1000,13720,17136.0,498783,70,1,1,1.0,1000,8,5,false,73
725,715,2849,1000,13724,17160.0,498859,70,1,1,1.0,1000,8,5,false,73
725,716,2853,1000,13728,17184.0,498940,70,1,1,1.0,1000,8,5,false,73
725,717,2857,1000,14244,17214.0,518360,70,1,1,1.0,1000,8,5,false,73
725,718,2861,1000,14248,17238.0,518428,70,1,1,1.0,1000,8,5,false,73
725,719,2865,1000,14252,17262.0,518501,70,1,1,1.0,1000,8,5,false,73
725,720,2869,1000,14256,17286.0,518586,70,1,1,1.0,1000,8,5,false,73
725,721,2873,1000,14260,17310.0,518663,70,1,1,1.0,1000,8,5,false,73
725,722,2877,1000,14264,17334.0,518752,70,1,1,1.0,1000,8,5,false,73
725,723,2881,1000,14268,17358.0,518832,70,1,1,1.0,1000,8,5,false,73
725,724,2885,1000,14272,17382.0,518913,70,1,1,1.0,1000,8,5,false,73
725,725,2889,1000,14276,17406.0,518999,70,1,1,1.0,1000,8,5,false,73
725,726,2893,1000,14280,17430.0,519061,70,1,1,1.0,1000,8,5,false,73
725,727,2897,1000,14284,17454.0,519135,70,1,1,1.0,1000,8,5,false,73
725,728,2901,1000,14288,17478.0,519203,70,1,1,1.0,1000,8,5,false,73
725,729,2905,1000,14292,17502.0,519274,70,1,1,1.0,1000,8,5,false,73
725,730,2909,1000,14296,17526.0,519349,70,1,1,1.0,1000,8,5,false,73
725,731,2913,1000,14300,17550.0,519420,70,1,1,1.0,1000,8,5,false,73
725,732,2917,1000,14304,17574.0,519494,70,1,1,1.0,1000,8,5,false,73
725,733,2921,1000,14308,17598.0,519579,70,1,1,1.0,1000,8,5,false,73
725,734,2924,1000,14595,17622.0,538980,70,1,1,1.0,1000,8,5,false,73
725,735,2928,1000,14599,17646.0,539050,70,1,1,1.0,1000,8,5,false,73
725,736,2932,1000,14603,17670.0,539140,70,1,1,1.0,1000,8,5,false,73
725,737,2936,1000,14607,17694.0,539216,70,1,1,1.0,1000,8,5,false,73
725,738,2940,1000,14611,17718.0,539294,70,1,1,1.0,1000,8,5,false,73
725,739,2944,1000,14615,17742.0,539374,70,1,1,1.0,1000,8,5,false,73
725,740,2948,1000,14619,17766.0,539450,70,1,1,1.0,1000,8,5,false,73
725,741,2952,1000,14623,17790.0,539538,70,1,1,1.0,1000,8,5,false,73
725,742,2956,1000,14627,17814.0,539624,70,1,1,1.0,1000,8,5,false,73
725,743,2961,1000,14632,17844.0,539734,70,1,1,1.0,1000,8,5,false,73
725,744,2965,1000,14636,17868.0,539811,70,1,1,1.0,1000,8,5,false,73
725,745,2969,1000,14640,17892.0,539873,70,1,1,1.0,1000,8,5,false,73
725,746,2973,1000,14644,17916.0,539949,70,1,1,1.0,1000,8,5,false,73
725,747,2977,1000,14648,17940.0,540023,70,1,1,1.0,1000,8,5,false,73
725,748,2981,1000,14652,17964.0,540109,70,1,1,1.0,1000,8,5,false,73
725,749,2985,1000,14656,17988.0,540188,70,1,1,1.0,1000,8,5,false,73
725,750,2989,1000,14660,18012.0,540265,70,1,1,1.0,1000,8,5,false,73
725,751,2993,1000,14664,18036.0,540334,70,1,1,1.0,1000,8,5,false,73
725,752,2997,1000,14668,18060.0,540403,70,1,1,1.0,1000,8,5,false,73
725,753,3001,1000,14672,18084.0,540485,70,1,1,1.0,1000,8,5,false,73
725,754,3005,1000,14676,18108.0,540576,70,1,1,1.0,1000,8,5,false,73
725,755,3009,1000,14680,18132.0,540654,70,1,1,1.0,1000,8,5,false,73
725,756,3013,1000,14684,18156.0,540721,70,1,1,1.0,1000,8,5,false,73
725,757,3017,1000,14688,18180.0,540803,70,1,1,1.0,1000,8,5,false,73
725,758,3021,1000,14692,18204.0,540877,70,1,1,1.0,1000,8,5,false,73
725,759,3025,1000,14696,18228.0,540962,70,1,1,1.0,1000,8,5,false,73
725,760,3029,1000,14700,18252.0,541043,70,1,1,1.0,1000,8,5,false,73
725,761,3033,1000,14704,18276.0,541123,70,1,1,1.0,1000,8,5,false,73
725,762,3037,1000,14708,18300.0,541200,70,1,1,1.0,1000,8,5,false,73
725,763,3041,1000,14712,18324.0,541282,70,1,1,1.0,1000,8,5,false,73
725,764,3045,1000,14716,18348.0,541361,70,1,1,1.0,1000,8,5,false,73
725,765,3049,1000,14720,18372.0,541424,70,1,1,1.0,1000,8,5,false,73
725,766,3053,1000,14724,18396.0,541492,70,1,1,1.0,1000,8,5,false,73
725,767,3057,1000,14728,18420.0,541564,70,1,1,1.0,1000,8,5,false,73
725,768,3061,1000,14732,18444.0,541649,70,1,1,1.0,1000,8,5,false,73
725,769,3065,1000,14736,18468.0,541719,70,1,1,1.0,1000,8,5,false,73
725,770,3069,1000,14740,18492.0,541808,70,1,1,1.0,1000,8,5,false,73
725,771,3073,1000,14744,18516.0,541876,70,1,1,1.0,1000,8,5,false,73
725,772,3077,1000,14748,18540.0,541961,70,1,1,1.0,1000,8,5,false,73
725,773,3081,1000,14752,18564.0,542044,70,1,1,1.0,1000,8,5,false,73
725,774,3085,1000,14756,18588.0,542104,70,1,1,1.0,1000,8,5,false,73
725,775,3089,1000,14760,18612.0,542182,70,1,1,1.0,1000,8,5,false,73
725,776,3093,1000,14764,18636.0,542251,70,1,1,1.0,1000,8,5,false,73
725,777,3097,1000,14768,18660.0,542330,70,1,1,1.0,1000,8,5,false,73
725,778,3101,1000,14772,18684.0,542409,70,1,1,1.0,1000,8,5,false,73
725,779,3105,1000,14776,18708.0,542494,70,1,1,1.0,1000,8,5,false,73
725,780,3109,1000,15520,18738.0,561921,70,1,1,1.0,1000,8,5,false,73
725,781,3113,1000,15524,18762.0,562001,70,1,1,1.0,1000,8,5,false,73
725,782,3117,1000,15528,18786.0,562094,70,1,1,1.0,1000,8,5,false,73
725,783,3121,1000,15532,18810.0,562180,70,1,1,1.0,1000,8,5,false,73
725,784,3125,1000,15536,18834.0,562256,70,1,1,1.0,1000,8,5,false,73
725,785,3129,1000,15540,18858.0,562341,70,1,1,1.0,1000,8,5,false,73
725,786,3133,1000,15544,18882.0,562420,70,1,1,1.0,1000,8,5,false,73
725,787,3137,1000,15548,18906.0,562500,70,1,1,1.0,1000,8,5,false,73
725,788,3141,1000,15552,18930.0,562586,70,1,1,1.0,1000,8,5,false,73
725,789,3145,1000,15556,18954.0,562665,70,1,1,1.0,1000,8,5,false,73
725,790,3149,1000,15560,18978.0,562727,70,1,1,1.0,1000,8,5,false,73
725,791,3153,1000,15564,19002.0,562801,70,1,1,1.0,1000,8,5,false,73
725,792,3157,1000,15568,19026.0,562876,70,1,1,1.0,1000,8,5,false,73
725,793,3161,1000,15572,19050.0,562941,70,1,1,1.0,1000,8,5,false,73
725,794,3165,1000,15576,19074.0,563016,70,1,1,1.0,1000,8,5,false,73
725,795,3169,1000,15580,19098.0,563096,70,1,1,1.0,1000,8,5,false,73
725,796,3173,1000,15584,19122.0,563158,70,1,1,1.0,1000,8,5,false,73
725,797,3177,1000,15588,19146.0,563243,70,1,1,1.0,1000,8,5,false,73
725,798,3181,1000,15592,19170.0,563323,70,1,1,1.0,1000,8,5,false,73
725,799,3185,1000,15596,19194.0,563401,70,1,1,1.0,1000,8,5,false,73
725,800,3189,1000,15932,19218.0,582800,70,1,1,1.0,1000,8,5,false,73
725,801,3193,1000,15936,19242.0,582883,70,1,1,1.0,1000,8,5,false,73
725,802,3197,1000,15940,19266.0,582966,70,1,1,1.0,1000,8,5,false,73
725,803,3201,1000,15944,19290.0,583037,70,1,1,1.0,1000,8,5,false,73
725,804,3205,1000,15948,19314.0,583113,70,1,1,1.0,1000,8,5,false,73
725,805,3209,1000,15952,19338.0,583199,70,1,1,1.0,1000,8,5,false,73
725,806,3213,1000,15956,19362.0,583271,70,1,1,1.0,1000,8,5,false,73
725,807,3217,1000,16080,19392.0,602693,70,1,1,1.0,1000,8,5,false,73
725,808,3221,1000,16084,19416.0,602776,70,1,1,1.0,1000,8,5,false,73
725,809,3225,1000,16088,19440.0,602850,70,1,1,1.0,1000,8,5,false,73
725,810,3229,1000,16092,19464.0,602932,70,1,1,1.0,1000,8,5,false,73
725,811,3233,1000,16160,19494.0,622353,70,1,1,1.0,1000,8,5,false,73
725,812,3237,1000,16164,19518.0,622431,70,1,1,1.0,1000,8,5,false,73
725,813,3241,1000,16184,19548.0,641854,70,1,1,1.0,1000,8,5,false,73
725,814,3245,1000,16188,19572.0,641923,70,1,1,1.0,1000,8,5,false,73
725,815,3249,1000,16192,19596.0,642005,70,1,1,1.0,1000,8,5,false,73
725,816,3253,1000,16196,19620.0,642085,70,1,1,1.0,1000,8,5,false,73
725,817,3257,1000,16200,19644.0,642153,70,1,1,1.0,1000,8,5,false,73
725,818,3261,1000,16204,19668.0,642234,70,1,1,1.0,1000,8,5,false,73
725,819,3265,1000,16208,19692.0,642308,70,1,1,1.0,1000,8,5,false,73
725,820,3268,1000,16211,19710.0,642357,70,1,1,1.0,1000,8,5,false,73
725,821,3273,1000,16216,19740.0,642448,70,1,1,1.0,1000,8,5,false,73
725,822,3277,1000,16220,19764.0,642514,70,1,1,1.0,1000,8,5,false,73
725,823,3281,1000,16224,19788.0,642594,70,1,1,1.0,1000,8,5,false,73
725,824,3285,1000,16420,19818.0,662010,70,1,1,1.0,1000,8,5,false,73
725,825,3289,1000,16424,19842.0,662088,70,1,1,1.0,1000,8,5,false,73
725,826,3293,1000,16428,19866.0,662160,70,1,1,1.0,1000,8,5,false,73
725,827,3297,1000,16432,19890.0,662227,70,1,1,1.0,1000,8,5,false,73
725,828,3301,1000,16436,19914.0,662296,70,1,1,1.0,1000,8,5,false,73
725,829,3305,1000,16440,19938.0,662382,70,1,1,1.0,1000,8,5,false,73
725,830,3309,1000,16444,19962.0,662463,70,1,1,1.0,1000,8,5,false,73
725,831,3313,1000,16448,19986.0,662542,70,1,1,1.0,1000,8,5,false,73
725,832,3317,1000,16452,20010.0,662619,70,1,1,1.0,1000,8,5,false,73
725,833,3321,1000,16456,20034.0,662694,70,1,1,1.0,1000,8,5,false,73
725,834,3325,1000,16460,20058.0,662774,70,1,1,1.0,1000,8,5,false,73
725,835,3329,1000,16464,20082.0,662848,70,1,1,1.0,1000,8,5,false,73
725,836,3333,1000,16468,20106.0,662928,70,1,1,1.0,1000,8,5,false,73
725,837,3338,1000,16473,20136.0,663030,70,1,1,1.0,1000,8,5,false,73
725,838,3342,1000,16477,20160.0,663107,70,1,1,1.0,1000,8,5,false,73
725,839,3347,1000,16482,20190.0,663204,70,1,1,1.0,1000,8,5,false,73
725,840,3351,1000,16486,20214.0,663276,70,1,1,1.0,1000,8,5,false,73
725,841,3355,1000,16490,20238.0,663341,70,1,1,1.0,1000,8,5,false,73
725,842,3358,1000,16493,20256.0,663392,70,1,1,1.0,1000,8,5,false,73
725,843,3363,1000,16498,20286.0,663486,70,1,1,1.0,1000,8,5,false,73
725,844,3367,1000,16502,20310.0,663561,70,1,1,1.0,1000,8,5,false,73
725,845,3371,1000,16506,20334.0,663642,70,1,1,1.0,1000,8,5,false,73
725,846,3375,1000,16510,20358.0,663732,70,1,1,1.0,1000,8,5,false,73
725,847,3379,1000,16514,20382.0,663818,70,1,1,1.0,1000,8,5,false,73
725,848,3383,1000,16518,20406.0,663900,70,1,1,1.0,1000,8,5,false,73
725,849,3387,1000,16522,20430.0,663972,70,1,1,1.0,1000,8,5,false,73
725,850,3391,1000,16526,20454.0,664055,70,1,1,1.0,1000,8,5,false,73
725,851,3395,1000,16530,20478.0,664131,70,1,1,1.0,1000,8,5,false,73
725,852,3399,1000,16534,20502.0,664214,70,1,1,1.0,1000,8,5,false,73
725,853,3403,1000,16538,20526.0,664283,70,1,1,1.0,1000,8,5,false,73
725,854,3407,1000,16542,20550.0,664379,70,1,1,1.0,1000,8,5,false,73
725,855,3411,1000,16546,20574.0,664456,70,1,1,1.0,1000,8,5,false,73
725,856,3415,1000,16550,20598.0,664531,70,1,1,1.0,1000,8,5,false,73
725,857,3419,1000,16554,20622.0,664612,70,1,1,1.0,1000,8,5,false,73
725,858,3423,1000,16558,20646.0,664693,70,1,1,1.0,1000,8,5,false,73
725,859,3427,1000,16562,20670.0,664764,70,1,1,1.0,1000,8,5,false,73
725,860,3431,1000,16566,20694.0,664839,70,1,1,1.0,1000,8,5,false,73
725,861,3435,1000,16570,20718.0,664925,70,1,1,1.0,1000,8,5,false,73
725,862,3439,1000,16574,20742.0,665003,70,1,1,1.0,1000,8,5,false,73
725,863,3443,1000,16578,20766.0,665081,70,1,1,1.0,1000,8,5,false,73
725,864,3447,1000,16582,20790.0,665167,70,1,1,1.0,1000,8,5,false,73
725,865,3451,1000,16586,20814.0,665241,70,1,1,1.0,1000,8,5,false,73
725,866,3455,1000,16590,20838.0,665319,70,1,1,1.0,1000,8,5,false,73
725,867,3459,1000,17274,20868.0,684723,70,1,1,1.0,1000,8,5,false,73
725,868,3463,1000,17278,20892.0,684800,70,1,1,1.0,1000,8,5,false,73
725,869,3467,1000,17282,20916.0,684878,70,1,1,1.0,1000,8,5,false,73
725,870,3471,1000,17286,20940.0,684950,70,1,1,1.0,1000,8,5,false,73
725,871,3475,1000,17290,20964.0,685031,70,1,1,1.0,1000,8,5,false,73
725,872,3479,1000,17294,20988.0,685098,70,1,1,1.0,1000,8,5,false,73
725,873,3483,1000,17357,21012.0,704503,70,1,1,1.0,1000,8,5,false,73
725,874,3487,1000,17361,21036.0,704583,70,1,1,1.0,1000,8,5,false,73
725,875,3491,1000,17365,21060.0,704655,70,1,1,1.0,1000,8,5,false,73
725,876,3495,1000,17369,21084.0,704729,70,1,1,1.0,1000,8,5,false,73
725,877,3499,1000,17373,21108.0,704805,70,1,1,1.0,1000,8,5,false,73
725,878,3503,1000,17377,21132.0,704885,70,1,1,1.0,1000,8,5,false,73
725,879,3507,1000,17381,21156.0,704957,70,1,1,1.0,1000,8,5,false,73
725,880,3511,1000,17385,21180.0,705040,70,1,1,1.0,1000,8,5,false,73
725,881,3515,1000,17389,21204.0,705119,70,1,1,1.0,1000,8,5,false,73
725,882,3519,1000,17393,21228.0,705204,70,1,1,1.0,1000,8,5,false,73
725,883,3523,1000,17397,21252.0,705274,70,1,1,1.0,1000,8,5,false,73
725,884,3527,1000,17401,21276.0,705349,70,1,1,1.0,1000,8,5,false,73
725,885,3531,1000,17405,21300.0,705419,70,1,1,1.0,1000,8,5,false,73
725,886,3535,1000,17409,21324.0,705492,70,1,1,1.0,1000,8,5,false,73
725,887,3539,1000,17413,21348.0,705566,70,1,1,1.0,1000,8,5,false,73
725,888,3543,1000,17417,21372.0,705639,70,1,1,1.0,1000,8,5,false,73
725,889,3547,1000,17421,21396.0,705733,70,1,1,1.0,1000,8,5,false,73
725,890,3551,1000,17689,21426.0,725160,70,1,1,1.0,1000,8,5,false,73
725,891,3555,1000,17693,21450.0,725232,70,1,1,1.0,1000,8,5,false,73
725,892,3559,1000,17697,21474.0,725309,70,1,1,1.0,1000,8,5,false,73
725,893,3563,1000,17701,21498.0,725395,70,1,1,1.0,1000,8,5,false,73
725,894,3567,1000,17705,21522.0,725473,70,1,1,1.0,1000,8,5,false,73
725,895,3571,1000,17709,21546.0,725561,70,1,1,1.0,1000,8,5,false,73
725,896,3575,1000,17713,21570.0,725650,70,1,1,1.0,1000,8,5,false,73
725,897,3579,1000,17717,21594.0,725725,70,1,1,1.0,1000,8,5,false,73
725,898,3583,1000,17721,21618.0,725806,70,1,1,1.0,1000,8,5,false,73
725,899,3587,1000,17725,21642.0,725895,70,1,1,1.0,1000,8,5,false,73
725,900,3591,1000,17729,21666.0,725966,70,1,1,1.0,1000,8,5,false,73
725,901,3595,1000,17733,21690.0,726037,70,1,1,1.0,1000,8,5,false,73
725,902,3599,1000,17737,21714.0,726126,70,1,1,1.0,1000,8,5,false,73
725,903,3603,1000,17741,21738.0,726219,70,1,1,1.0,1000,8,5,false,73
725,904,3607,1000,17745,21762.0,726297,70,1,1,1.0,1000,8,5,false,73
725,905,3611,1000,17749,21786.0,726387,70,1,1,1.0,1000,8,5,false,73
725,906,3615,1000,17753,21810.0,726465,70,1,1,1.0,1000,8,5,false,73
725,907,3619,1000,17757,21834.0,726545,70,1,1,1.0,1000,8,5,false,73
725,908,3623,1000,17761,21858.0,726615,70,1,1,1.0,1000,8,5,false,73
725,909,3627,1000,17765,21882.0,726680,70,1,1,1.0,1000,8,5,false,73
725,910,3631,1000,17769,21906.0,726756,70,1,1,1.0,1000,8,5,false,73
725,911,3635,1000,17773,21930.0,726836,70,1,1,1.0,1000,8,5,false,73
725,912,3639,1000,17777,21954.0,726905,70,1,1,1.0,1000,8,5,false,73
725,914,3647,1000,18169,22008.0,746396,70,1,1,1.0,1000,8,5,false,73
725,914,3647,1000,18169,22008.0,746396,70,1,1,1.0,1000,8,5,false,73
725,915,3651,1000,18173,22032.0,746477,70,1,1,1.0,1000,8,5,false,73
725,916,3655,1000,18177,22056.0,746561,70,1,1,1.0,1000,8,5,false,73
725,917,3659,1000,18181,22080.0,746637,70,1,1,1.0,1000,8,5,false,73
725,918,3663,1000,18185,22104.0,746717,70,1,1,1.0,1000,8,5,false,73
725,919,3667,1000,18189,22128.0,746785,70,1,1,1.0,1000,8,5,false,73
725,920,3671,1000,18193,22152.0,746860,70,1,1,1.0,1000,8,5,false,73
725,921,3675,1000,18197,22176.0,746927,70,1,1,1.0,1000,8,5,false,73
725,922,3679,1000,18201,22200.0,747001,70,1,1,1.0,1000,8,5,false,73
725,923,3683,1000,18205,22224.0,747079,70,1,1,1.0,1000,8,5,false,73
725,924,3687,1000,18209,22248.0,747156,70,1,1,1.0,1000,8,5,false,73
725,925,3691,1000,18213,22272.0,747241,70,1,1,1.0,1000,8,5,false,73
725,926,3695,1000,18217,22296.0,747321,70,1,1,1.0,1000,8,5,false,73
725,927,3699,1000,18221,22320.0,747396,70,1,1,1.0,1000,8,5,false,73
725,928,3703,1000,18225,22344.0,747479,70,1,1,1.0,1000,8,5,false,73
725,929,3707,1000,18229,22368.0,747549,70,1,1,1.0,1000,8,5,false,73
725,930,3711,1000,18233,22392.0,747626,70,1,1,1.0,1000,8,5,false,73
725,931,3715,1000,18237,22416.0,747699,70,1,1,1.0,1000,8,5,false,73
725,932,3719,1000,18241,22440.0,747777,70,1,1,1.0,1000,8,5,false,73
725,933,3723,1000,18245,22464.0,747878,70,1,1,1.0,1000,8,5,false,73
725,934,3727,1000,18249,22488.0,747960,70,1,1,1.0,1000,8,5,false,73
725,935,3731,1000,18253,22512.0,748049,70,1,1,1.0,1000,8,5,false,73
725,936,3735,1000,18257,22536.0,748128,70,1,1,1.0,1000,8,5,false,73
725,937,3739,1000,18261,22560.0,748206,70,1,1,1.0,1000,8,5,false,73
725,938,3743,1000,18265,22584.0,748273,70,1,1,1.0,1000,8,5,false,73
725,939,3747,1000,18269,22608.0,748354,70,1,1,1.0,1000,8,5,false,73
725,940,3751,1000,18273,22632.0,748420,70,1,1,1.0,1000,8,5,false,73
725,941,3755,1000,18277,22656.0,748500,70,1,1,1.0,1000,8,5,false,73
725,942,3759,1000,18745,22686.0,767917,70,1,1,1.0,1000,8,5,false,73
725,943,3763,1000,18749,22710.0,767994,70,1,1,1.0,1000,8,5,false,73
725,944,3767,1000,18785,22740.0,787420,70,1,1,1.0,1000,8,5,false,73
725,945,3771,1000,18789,22764.0,787497,70,1,1,1.0,1000,8,5,false,73
725,946,3775,1000,18793,22788.0,787568,70,1,1,1.0,1000,8,5,false,73
725,947,3779,1000,18797,22812.0,787643,70,1,1,1.0,1000,8,5,false,73
725,948,3783,1000,18801,22836.0,787731,70,1,1,1.0,1000,8,5,false,73
725,949,3787,1000,18805,22860.0,787819,70,1,1,1.0,1000,8,5,false,73
725,950,3791,1000,18809,22884.0,787900,70,1,1,1.0,1000,8,5,false,73
725,951,3795,1000,18813,22908.0,787977,70,1,1,1.0,1000,8,5,false,73
725,952,3799,1000,18817,22932.0,788048,70,1,1,1.0,1000,8,5,false,73
725,953,3803,1000,18821,22956.0,788126,70,1,1,1.0,1000,8,5,false,73
725,954,3807,1000,18825,22980.0,788198,70,1,1,1.0,1000,8,5,false,73
725,955,3811,1000,18829,23004.0,788278,70,1,1,1.0,1000,8,5,false,73
725,956,3815,1000,18833,23028.0,788358,70,1,1,1.0,1000,8,5,false,73
725,957,3819,1000,18837,23052.0,788449,70,1,1,1.0,1000,8,5,false,73
725,958,3823,1000,18841,23076.0,788522,70,1,1,1.0,1000,8,5,false,73
725,959,3827,1000,18845,23100.0,788607,70,1,1,1.0,1000,8,5,false,73
725,960,3831,1000,18849,23124.0,788689,70,1,1,1.0,1000,8,5,false,73
725,961,3835,1000,18853,23148.0,788759,70,1,1,1.0,1000,8,5,false,73
725,962,3839,1000,18857,23172.0,788837,70,1,1,1.0,1000,8,5,false,73
725,963,3843,1000,18861,23196.0,788905,70,1,1,1.0,1000,8,5,false,73
725,964,3847,1000,18865,23220.0,788979,70,1,1,1.0,1000,8,5,false,73
725,965,3850,1000,18868,23238.0,789046,70,1,1,1.0,1000,8,5,false,73
725,966,3855,1000,18873,23268.0,789132,70,1,1,1.0,1000,8,5,false,73
725,967,3859,1000,18877,23292.0,789207,70,1,1,1.0,1000,8,5,false,73
725,968,3863,1000,18881,23316.0,789280,70,1,1,1.0,1000,8,5,false,73
725,969,3867,1000,18885,23340.0,789368,70,1,1,1.0,1000,8,5,false,73
725,970,3871,1000,18889,23364.0,789452,70,1,1,1.0,1000,8,5,false,73
725,971,3875,1000,18893,23388.0,789531,70,1,1,1.0,1000,8,5,false,73
725,972,3879,1000,18897,23412.0,789606,70,1,1,1.0,1000,8,5,false,73
725,973,3883,1000,18901,23436.0,789684,70,1,1,1.0,1000,8,5,false,73
725,974,3887,1000,19385,23466.0,809116,70,1,1,1.0,1000,8,5,false,73
725,975,3891,1000,19389,23490.0,809190,70,1,1,1.0,1000,8,5,false,73
725,976,3895,1000,19393,23514.0,809257,70,1,1,1.0,1000,8,5,false,73
725,977,3899,1000,19397,23538.0,809340,70,1,1,1.0,1000,8,5,false,73
725,978,3903,1000,19401,23562.0,809431,70,1,1,1.0,1000,8,5,false,73
725,979,3907,1000,19405,23586.0,809504,70,1,1,1.0,1000,8,5,false,73
725,980,3911,1000,19409,23610.0,809581,70,1,1,1.0,1000,8,5,false,73
725,981,3915,1000,19413,23634.0,809666,70,1,1,1.0,1000,8,5,false,73
725,982,3919,1000,19417,23658.0,809741,70,1,1,1.0,1000,8,5,false,73
725,983,3923,1000,19421,23682.0,809802,70,1,1,1.0,1000,8,5,false,73
725,984,3927,1000,19425,23706.0,809876,70,1,1,1.0,1000,8,5,false,73
725,985,3931,1000,19429,23730.0,809951,70,1,1,1.0,1000,8,5,false,73
725,986,3935,1000,19433,23754.0,810030,70,1,1,1.0,1000,8,5,false,73
725,987,3939,1000,19625,23778.0,829435,70,1,1,1.0,1000,8,5,false,73
725,988,3943,1000,19629,23802.0,829510,70,1,1,1.0,1000,8,5,false,73
725,989,3947,1000,19633,23826.0,829604,70,1,1,1.0,1000,8,5,false,73
725,990,3951,1000,19637,23850.0,829671,70,1,1,1.0,1000,8,5,false,73
725,991,3955,1000,19641,23874.0,829759,70,1,1,1.0,1000,8,5,false,73
725,992,3959,1000,19645,23898.0,829841,70,1,1,1.0,1000,8,5,false,73
725,993,3963,1000,19649,23922.0,829914,70,1,1,1.0,1000,8,5,false,73
725,994,3967,1000,19653,23946.0,829986,70,1,1,1.0,1000,8,5,false,73
725,995,3971,1000,19657,23970.0,830065,70,1,1,1.0,1000,8,5,false,73
725,996,3975,1000,19661,23994.0,830151,70,1,1,1.0,1000,8,5,false,73
725,997,3979,1000,19665,24018.0,830227,70,1,1,1.0,1000,8,5,false,73
725,998,3983,1000,19669,24042.0,830319,70,1,1,1.0,1000,8,5,false,73
725,999,3987,1000,19673,24066.0,830405,70,1,1,1.0,1000,8,5,false,73
725,1000,3991,1000,19677,24090.0,830488,70,1,1,1.0,1000,8,5,false,73
725,1001,3995,1000,19681,24114.0,830579,70,1,1,1.0,1000,8,5,false,73
725,1002,3999,1000,19685,24138.0,830653,70,1,1,1.0,1000,8,5,false,73
725,1003,4003,1000,19689,24162.0,830733,70,1,1,1.0,1000,8,5,false,73
725,1004,4007,1000,19966,24186.0,850137,70,1,1,1.0,1000,8,5,false,73
725,1005,4011,1000,19970,24210.0,850226,70,1,1,1.0,1000,8,5,false,73
725,1006,4015,1000,19974,24234.0,850307,70,1,1,1.0,1000,8,5,false,73
725,1007,4019,1000,19978,24258.0,850385,70,1,1,1.0,1000,8,5,false,73
725,1008,4023,1000,19982,24282.0,850459,70,1,1,1.0,1000,8,5,false,73
725,1009,4027,1000,19986,24306.0,850528,70,1,1,1.0,1000,8,5,false,73
725,1010,4031,1000,19990,24330.0,850615,70,1,1,1.0,1000,8,5,false,73
725,1011,4035,1000,19994,24354.0,850694,70,1,1,1.0,1000,8,5,false,73
725,1012,4039,1000,19998,24378.0,850780,70,1,1,1.0,1000,8,5,false,73
725,1013,4043,1000,20002,24402.0,850869,70,1,1,1.0,1000,8,5,false,73
725,1014,4047,1000,20006,24426.0,850939,70,1,1,1.0,1000,8,5,false,73
725,1015,4051,1000,20010,24450.0,851011,70,1,1,1.0,1000,8,5,false,73
725,1016,4055,1000,20014,24474.0,851094,70,1,1,1.0,1000,8,5,false,73
725,1017,4059,1000,20018,24498.0,851168,70,1,1,1.0,1000,8,5,false,73
725,1018,4063,1000,20022,24522.0,851244,70,1,1,1.0,1000,8,5,false,73
725,1019,4067,1000,20026,24546.0,851324,70,1,1,1.0,1000,8,5,false,73
725,1020,4071,1000,20030,24570.0,851395,70,1,1,1.0,1000,8,5,false,73
725,1021,4075,1000,20034,24594.0,851468,70,1,1,1.0,1000,8,5,false,73
725,1022,4079,1000,20038,24618.0,851538,70,1,1,1.0,1000,8,5,false,73
725,1023,4083,1000,20042,24642.0,851610,70,1,1,1.0,1000,8,5,false,73
725,1024,4087,1000,20046,24666.0,851685,70,1,1,1.0,1000,8,5,false,73
725,1025,4091,1000,20050,24690.0,851752,70,1,1,1.0,1000,8,5,false,73
725,1026,4095,1000,20054,24714.0,851828,70,1,1,1.0,1000,8,5,false,73
725,1027,4099,1000,20058,24738.0,851899,70,1,1,1.0,1000,8,5,false,73
725,1028,4103,1000,20062,24762.0,851978,70,1,1,1.0,1000,8,5,false,73
725,1029,4107,1000,20066,24786.0,852048,70,1,1,1.0,1000,8,5,false,73
725,1030,4111,1000,20070,24810.0,852121,70,1,1,1.0,1000,8,5,false,73
725,1031,4115,1000,20074,24834.0,852199,70,1,1,1.0,1000,8,5,false,73
725,1032,4119,1000,20078,24858.0,852277,70,1,1,1.0,1000,8,5,false,73
725,1033,4123,1000,20082,24882.0,852344,70,1,1,1.0,1000,8,5,false,73
725,1034,4127,1000,20086,24906.0,852434,70,1,1,1.0,1000,8,5,false,73
725,1035,4131,1000,20090,24930.0,852509,70,1,1,1.0,1000,8,5,false,73
725,1036,4135,1000,20094,24954.0,852599,70,1,1,1.0,1000,8,5,false,73
725,1037,4139,1000,20098,24978.0,852659,70,1,1,1.0,1000,8,5,false,73
725,1038,4143,1000,20102,25002.0,852738,70,1,1,1.0,1000,8,5,false,73
725,1039,4147,1000,20106,25026.0,852823,70,1,1,1.0,1000,8,5,false,73
725,1040,4151,1000,20110,25050.0,852896,70,1,1,1.0,1000,8,5,false,73
725,1041,4155,1000,20114,25074.0,852964,70,1,1,1.0,1000,8,5,false,73
725,1042,4159,1000,20118,25098.0,853040,70,1,1,1.0,1000,8,5,false,73
725,1043,4163,1000,20122,25122.0,853105,70,1,1,1.0,1000,8,5,false,73
725,1044,4167,1000,20126,25146.0,853187,70,1,1,1.0,1000,8,5,false,73
725,1045,4171,1000,20790,25176.0,872605,70,1,1,1.0,1000,8,5,false,73
