726,1,3,4,3,6.0,13,70,0,1,0.0,1000,6,5,true,22
726,2,6,7,6,12.0,22,70,0,1,0.0,1000,6,5,true,22
726,3,9,10,9,18.0,37,70,0,1,0.0,1000,6,5,true,22
726,4,12,13,12,24.0,52,70,0,1,0.0,1000,6,5,true,22
726,5,15,16,15,30.0,67,70,0,1,0.0,1000,6,5,true,22
726,6,18,19,18,36.0,87,70,0,1,0.0,1000,6,5,true,22
726,7,20,21,20,40.0,96,70,0,1,0.0,1000,6,5,true,22
726,8,23,24,23,46.0,110,70,0,1,0.0,1000,6,5,true,22
726,9,26,27,26,52.0,122,70,0,1,0.0,1000,6,5,true,22
726,10,29,29,29,58.0,134,70,0,1,0.0,1000,6,5,true,22
726,11,32,32,32,64.0,153,70,0,1,0.0,1000,6,5,true,22
726,12,35,35,35,70.0,168,70,0,1,0.0,1000,6,5,true,22
726,13,38,38,38,76.0,179,70,0,1,0.0,1000,6,5,true,22
726,14,41,41,41,82.0,190,70,0,1,0.0,1000,6,5,true,22
726,15,44,44,44,88.0,205,70,0,1,0.0,1000,6,5,true,22
726,16,47,47,47,94.0,214,70,0,1,0.0,1000,6,5,true,22
726,17,50,50,50,100.0,233,70,0,1,0.0,1000,6,5,true,22
726,18,53,53,53,106.0,249,70,0,1,0.0,1000,6,5,true,22
726,19,56,56,56,112.0,259,70,0,1,0.0,1000,6,5,true,22
726,20,59,59,59,118.0,269,70,0,1,0.0,1000,6,5,true,22
726,21,62,62,62,124.0,286,70,0,1,0.0,1000,6,5,true,22
726,22,65,65,65,130.0,293,70,0,1,0.0,1000,6,5,true,22
726,23,68,68,68,136.0,308,70,0,1,0.0,1000,6,5,true,22
726,24,71,69,71,142.0,316,70,0,1,0.0,1000,6,5,true,22
726,25,74,72,74,148.0,326,70,0,1,0.0,1000,6,5,true,22
726,26,77,75,77,154.0,338,70,0,1,0.0,1000,6,5,true,22
726,27,80,78,80,160.0,349,70,0,1,0.0,1000,6,5,true,22
726,28,83,80,83,166.0,359,70,0,1,0.0,1000,6,5,true,22
726,29,86,83,86,172.0,367,70,0,1,0.0,1000,6,5,true,22
726,30,89,85,89,178.0,382,70,0,1,0.0,1000,6,5,true,22
726,31,92,88,92,184.0,395,70,0,1,0.0,1000,6,5,true,22
726,32,95,91,95,190.0,410,70,0,1,0.0,1000,6,5,true,22
726,33,98,94,98,196.0,421,70,0,1,0.0,1000,6,5,true,22
726,34,101,97,101,202.0,431,70,0,1,0.0,1000,6,5,true,22
726,35,104,99,104,208.0,445,70,0,1,0.0,1000,6,5,true,22
726,36,107,101,107,214.0,460,70,0,1,0.0,1000,6,5,true,22
726,37,110,103,110,220.0,477,70,0,1,0.0,1000,6,5,true,22
726,38,113,106,113,226.0,487,70,0,1,0.0,1000,6,5,true,22
726,39,116,109,116,232.0,493,70,0,1,0.0,1000,6,5,true,22
726,40,119,112,119,238.0,509,70,0,1,0.0,1000,6,5,true,22
726,41,122,114,122,244.0,520,70,0,1,0.0,1000,6,5,true,22
726,42,125,117,125,250.0,536,70,0,1,0.0,1000,6,5,true,22
726,43,128,119,128,256.0,551,70,0,1,0.0,1000,6,5,true,22
726,44,131,122,131,262.0,562,70,0,1,0.0,1000,6,5,true,22
726,45,134,125,134,268.0,578,70,0,1,0.0,1000,6,5,true,22
726,46,137,128,137,274.0,594,70,0,1,0.0,1000,6,5,true,22
726,47,140,130,140,280.0,605,70,0,1,0.0,1000,6,5,true,22
726,48,143,132,143,286.0,617,70,0,1,0.0,1000,6,5,true,22
726,49,146,135,146,292.0,632,70,0,1,0.0,1000,6,5,true,22
726,50,149,138,149,298.0,643,70,0,1,0.0,1000,6,5,true,22
726,51,152,141,152,304.0,657,70,0,1,0.0,1000,6,5,true,22
726,52,155,143,155,310.0,666,70,0,1,0.0,1000,6,5,true,22
726,53,158,378,643,319.0,2287,70,0,1,0.0,1000,6,5,true,22
726,54,161,380,646,325.0,2304,70,0,1,0.0,1000,6,5,true,22
726,55,164,381,649,331.0,2318,70,0,1,0.0,1000,6,5,true,22
726,56,167,383,652,337.0,2328,70,0,1,0.0,1000,6,5,true,22
726,57,170,457,700,346.0,2667,70,0,1,0.0,1000,6,5,true,22
726,58,173,459,703,352.0,2676,70,0,1,0.0,1000,6,5,true,22
726,59,176,461,706,358.0,2686,70,0,1,0.0,1000,6,5,true,22
726,60,179,463,709,364.0,2702,70,0,1,0.0,1000,6,5,true,22
726,61,182,465,712,370.0,2713,70,0,1,0.0,1000,6,5,true,22
726,62,185,465,715,376.0,2728,70,0,1,0.0,1000,6,5,true,22
726,63,188,466,718,382.0,2744,70,0,1,0.0,1000,6,5,true,22
726,64,191,468,721,388.0,2750,70,0,1,0.0,1000,6,5,true,22
726,65,194,470,724,394.0,2764,70,0,1,0.0,1000,6,5,true,22
726,66,197,471,727,400.0,2780,70,0,1,0.0,1000,6,5,true,22
726,67,200,474,730,406.0,2790,70,0,1,0.0,1000,6,5,true,22
726,68,203,475,733,412.0,2806,70,0,1,0.0,1000,6,5,true,22
726,69,206,476,736,418.0,2817,70,0,1,0.0,1000,6,5,true,22
726,70,209,478,739,424.0,2830,70,0,1,0.0,1000,6,5,true,22
726,71,212,479,742,430.0,2839,70,0,1,0.0,1000,6,5,true,22
726,72,215,481,745,436.0,2851,70,0,1,0.0,1000,6,5,true,22
726,73,218,483,748,442.0,2861,70,0,1,0.0,1000,6,5,true,22
726,74,221,483,751,448.0,2876,70,0,1,0.0,1000,6,5,true,22
726,75,224,485,754,454.0,2894,70,0,1,0.0,1000,6,5,true,22
726,76,227,485,757,460.0,2906,70,0,1,0.0,1000,6,5,true,22
726,77,230,487,760,466.0,2915,70,0,1,0.0,1000,6,5,true,22
726,78,233,489,763,472.0,2926,70,0,1,0.0,1000,6,5,true,22
726,79,236,489,766,478.0,2932,70,0,1,0.0,1000,6,5,true,22
726,80,239,492,769,484.0,2952,70,0,1,0.0,1000,6,5,true,22
726,81,242,494,772,490.0,2965,70,0,1,0.0,1000,6,5,true,22
726,82,245,495,775,496.0,2983,70,0,1,0.0,1000,6,5,true,22
726,83,248,496,778,502.0,3000,70,0,1,0.0,1000,6,5,true,22
726,84,251,498,781,508.0,3012,70,0,1,0.0,1000,6,5,true,22
726,85,254,500,784,514.0,3032,70,0,1,0.0,1000,6,5,true,22
726,86,257,500,787,520.0,3047,70,0,1,0.0,1000,6,5,true,22
726,87,260,502,790,526.0,3060,70,0,1,0.0,1000,6,5,true,22
726,88,263,502,793,532.0,3071,70,0,1,0.0,1000,6,5,true,22
726,89,266,669,1317,540.0,3773,70,0,1,0.0,1000,6,5,true,22
726,90,269,669,1320,546.0,3784,70,0,1,0.0,1000,6,5,true,22
726,91,272,670,1323,552.0,3797,70,0,1,0.0,1000,6,5,true,22
726,92,275,672,1326,558.0,3814,70,0,1,0.0,1000,6,5,true,22
726,93,278,673,1329,564.0,3826,70,0,1,0.0,1000,6,5,true,22
726,94,281,673,1332,570.0,3833,70,0,1,0.0,1000,6,5,true,22
726,95,284,675,1335,576.0,3841,70,0,1,0.0,1000,6,5,true,22
726,96,287,676,1338,582.0,3848,70,0,1,0.0,1000,6,5,true,22
726,97,290,679,1341,588.0,3859,70,0,1,0.0,1000,6,5,true,22
726,98,293,680,1344,594.0,3878,70,0,1,0.0,1000,6,5,true,22
726,99,296,680,1347,600.0,3886,70,0,1,0.0,1000,6,5,true,22
726,100,299,681,1350,606.0,3898,70,0,1,0.0,1000,6,5,true,22
726,101,302,682,1353,612.0,3913,70,1,1,1.0,1000,6,5,true,22
726,102,305,683,1356,618.0,3924,70,1,1,1.0,1000,6,5,true,22
726,103,308,683,1359,624.0,3938,70,1,1,1.0,1000,6,5,true,22
726,104,311,685,1362,630.0,3948,70,1,1,1.0,1000,6,5,true,22
726,105,314,686,1365,636.0,3957,70,1,1,1.0,1000,6,5,true,22
726,106,317,686,1368,642.0,3966,70,1,1,1.0,1000,6,5,true,22
726,107,320,687,1371,648.0,3976,70,1,1,1.0,1000,6,5,true,22
726,108,323,688,1374,654.0,3990,70,1,1,1.0,1000,6,5,true,22
726,109,326,688,1377,660.0,4005,70,1,1,1.0,1000,6,5,true,22
726,110,329,689,1380,666.0,4016,70,1,1,1.0,1000,6,5,true,22
726,111,332,690,1383,672.0,4026,70,1,1,1.0,1000,6,5,true,22
726,112,335,692,1386,678.0,4042,70,1,1,1.0,1000,6,5,true,22
726,113,338,694,1389,684.0,4054,70,1,1,1.0,1000,6,5,true,22
726,114,341,694,1392,690.0,4069,70,1,1,1.0,1000,6,5,true,22
726,115,344,695,1395,696.0,4083,70,1,1,1.0,1000,6,5,true,22
726,116,347,697,1398,702.0,4099,70,1,1,1.0,1000,6,5,true,22
726,117,350,697,1401,708.0,4119,70,1,1,1.0,1000,6,5,true,22
726,118,353,697,1404,714.0,4134,70,1,1,1.0,1000,6,5,true,22
726,119,356,698,1407,720.0,4149,70,1,1,1.0,1000,6,5,true,22
726,120,359,699,1410,726.0,4169,70,1,1,1.0,1000,6,5,true,22
726,121,362,702,1413,732.0,4188,70,1,1,1.0,1000,6,5,true,22
726,122,365,702,1416,738.0,4200,70,1,1,1.0,1000,6,5,true,22
726,123,368,704,1419,744.0,4210,70,1,1,1.0,1000,6,5,true,22
726,124,371,706,1422,750.0,4220,70,1,1,1.0,1000,6,5,true,22
726,125,374,707,1425,756.0,4237,70,1,1,1.0,1000,6,5,true,22
726,126,377,707,1428,762.0,4249,70,1,1,1.0,1000,6,5,true,22
726,127,380,708,1431,768.0,4263,70,1,1,1.0,1000,6,5,true,22
726,128,383,708,1434,774.0,4276,70,1,1,1.0,1000,6,5,true,22
726,129,386,708,1437,780.0,4288,70,1,1,1.0,1000,6,5,true,22
726,130,389,709,1440,786.0,4298,70,1,1,1.0,1000,6,5,true,22
726,131,392,709,1443,792.0,4309,70,1,1,1.0,1000,6,5,true,22
726,132,395,709,1446,798.0,4325,70,1,1,1.0,1000,6,5,true,22
726,133,398,709,1449,804.0,4339,70,1,1,1.0,1000,6,5,true,22
726,134,401,711,1452,810.0,4351,70,1,1,1.0,1000,6,5,true,22
726,135,404,712,1455,816.0,4355,70,1,1,1.0,1000,6,5,true,22
726,136,407,713,1458,822.0,4374,70,1,1,1.0,1000,6,5,true,22
726,137,410,714,1461,828.0,4394,70,1,1,1.0,1000,6,5,true,22
726,138,413,716,1464,834.0,4410,70,1,1,1.0,1000,6,5,true,22
726,139,416,716,1467,840.0,4420,70,1,1,1.0,1000,6,5,true,22
726,140,419,717,1470,846.0,4429,70,1,1,1.0,1000,6,5,true,22
726,141,421,718,1472,850.0,4440,70,1,1,1.0,1000,6,5,true,22
726,142,425,719,1476,858.0,4459,70,1,1,1.0,1000,6,5,true,22
726,143,428,719,1479,864.0,4477,70,1,1,1.0,1000,6,5,true,22
726,144,431,720,1482,870.0,4490,70,1,1,1.0,1000,6,5,true,22
726,145,434,720,1485,876.0,4503,70,1,1,1.0,1000,6,5,true,22
726,146,437,721,1488,882.0,4514,70,1,1,1.0,1000,6,5,true,22
726,147,440,722,1491,888.0,4523,70,1,1,1.0,1000,6,5,true,22
726,148,443,722,1494,894.0,4533,70,1,1,1.0,1000,6,5,true,22
726,149,446,723,1497,900.0,4544,70,1,1,1.0,1000,6,5,true,22
726,150,449,724,1500,906.0,4552,70,1,1,1.0,1000,6,5,true,22
726,151,452,724,1503,912.0,4559,70,1,1,1.0,1000,6,5,true,22
726,152,455,724,1506,918.0,4570,70,1,1,1.0,1000,6,5,true,22
726,153,458,726,1509,924.0,4585,70,1,1,1.0,1000,6,5,true,22
726,154,461,728,1512,930.0,4593,70,1,1,1.0,1000,6,5,true,22
726,155,464,730,1515,936.0,4606,70,1,1,1.0,1000,6,5,true,22
726,156,467,732,1518,942.0,4621,70,1,1,1.0,1000,6,5,true,22
726,157,470,733,1521,948.0,4635,70,1,1,1.0,1000,6,5,true,22
726,158,473,734,1524,954.0,4649,70,1,1,1.0,1000,6,5,true,22
726,159,476,734,1527,960.0,4658,70,1,1,1.0,1000,6,5,true,22
726,160,479,736,1530,966.0,4667,70,1,1,1.0,1000,6,5,true,22
726,161,482,736,1533,972.0,4676,70,1,1,1.0,1000,6,5,true,22
726,162,485,737,1536,978.0,4686,70,1,1,1.0,1000,6,5,true,22
726,163,488,737,1539,984.0,4698,70,1,1,1.0,1000,6,5,true,22
726,164,491,737,1542,990.0,4718,70,1,1,1.0,1000,6,5,true,22
726,165,494,739,1545,996.0,4725,70,1,1,1.0,1000,6,5,true,22
726,166,497,740,1548,1002.0,4739,70,1,1,1.0,1000,6,5,true,22
726,167,500,741,1551,1008.0,4753,70,1,1,1.0,1000,6,5,true,22
726,168,503,743,1554,1014.0,4764,70,1,1,1.0,1000,6,5,true,22
726,169,506,743,1557,1020.0,4774,70,1,1,1.0,1000,6,5,true,22
726,170,509,744,1560,1026.0,4792,70,1,1,1.0,1000,6,5,true,22
726,171,512,746,1563,1032.0,4809,70,1,1,1.0,1000,6,5,true,22
726,172,515,747,1566,1038.0,4819,70,1,1,1.0,1000,6,5,true,22
726,173,518,748,1569,1044.0,4832,70,1,1,1.0,1000,6,5,true,22
726,174,521,749,1572,1050.0,4844,70,1,1,1.0,1000,6,5,true,22
726,175,524,751,1575,1056.0,4857,70,1,1,1.0,1000,6,5,true,22
726,176,527,751,1578,1062.0,4871,70,1,1,1.0,1000,6,5,true,22
726,177,530,751,1581,1068.0,4881,70,1,1,1.0,1000,6,5,true,22
726,178,533,751,1584,1074.0,4891,70,1,1,1.0,1000,6,5,true,22
726,179,536,752,1587,1080.0,4907,70,1,1,1.0,1000,6,5,true,22
726,180,539,753,1590,1086.0,4923,70,1,1,1.0,1000,6,5,true,22
726,181,542,753,1593,1092.0,4940,70,1,1,1.0,1000,6,5,true,22
726,182,545,754,1596,1098.0,4955,70,1,1,1.0,1000,6,5,true,22
726,183,548,754,1599,1104.0,4970,70,1,1,1.0,1000,6,5,true,22
726,184,551,754,1602,1110.0,4982,70,1,1,1.0,1000,6,5,true,22
726,185,554,754,1605,1116.0,4995,70,1,1,1.0,1000,6,5,true,22
726,186,557,755,1608,1122.0,5008,70,1,1,1.0,1000,6,5,true,22
726,187,560,755,1611,1128.0,5019,70,1,1,1.0,1000,6,5,true,22
726,188,563,756,1614,1134.0,5035,70,1,1,1.0,1000,6,5,true,22
726,189,566,756,1617,1140.0,5048,70,1,1,1.0,1000,6,5,true,22
726,190,569,757,1620,1146.0,5056,70,1,1,1.0,1000,6,5,true,22
726,191,572,759,1623,1152.0,5072,70,1,1,1.0,1000,6,5,true,22
726,192,575,759,1626,1158.0,5083,70,1,1,1.0,1000,6,5,true,22
726,193,579,760,1630,1166.0,5097,70,1,1,1.0,1000,6,5,true,22
726,194,582,914,2905,1175.0,5727,70,1,1,1.0,1000,6,5,true,22
726,195,585,914,2908,1181.0,5745,70,1,1,1.0,1000,6,5,true,22
726,196,588,914,2911,1187.0,5761,70,1,1,1.0,1000,6,5,true,22
726,197,591,914,2914,1193.0,5771,70,1,1,1.0,1000,6,5,true,22
726,198,594,914,2917,1199.0,5782,70,1,1,1.0,1000,6,5,true,22
726,199,597,915,2920,1205.0,5790,70,1,1,1.0,1000,6,5,true,22
726,200,600,916,2923,1211.0,5802,70,1,1,1.0,1000,6,5,true,22
726,201,603,916,2926,1217.0,5819,70,1,1,1.0,1000,6,5,true,22
726,202,606,917,2929,1223.0,5832,70,1,1,1.0,1000,6,5,true,22
726,203,609,917,2932,1229.0,5841,70,1,1,1.0,1000,6,5,true,22
726,204,612,917,2935,1235.0,5852,70,1,1,1.0,1000,6,5,true,22
726,205,615,917,2938,1241.0,5864,70,1,1,1.0,1000,6,5,true,22
726,206,618,918,2941,1247.0,5875,70,1,1,1.0,1000,6,5,true,22
726,207,621,918,2944,1253.0,5887,70,1,1,1.0,1000,6,5,true,22
726,208,624,918,2947,1259.0,5898,70,1,1,1.0,1000,6,5,true,22
726,209,627,918,2950,1265.0,5916,70,1,1,1.0,1000,6,5,true,22
726,210,630,919,2953,1271.0,5926,70,1,1,1.0,1000,6,5,true,22
726,211,633,919,2956,1277.0,5936,70,1,1,1.0,1000,6,5,true,22
726,212,636,919,2959,1283.0,5947,70,1,1,1.0,1000,6,5,true,22
726,213,639,920,2962,1289.0,5955,70,1,1,1.0,1000,6,5,true,22
726,214,642,920,2965,1295.0,5975,70,1,1,1.0,1000,6,5,true,22
726,215,645,922,2968,1301.0,5989,70,1,1,1.0,1000,6,5,true,22
726,216,648,922,2971,1307.0,6004,70,1,1,1.0,1000,6,5,true,22
726,218,654,922,2977,1319.0,6028,70,1,1,1.0,1000,6,5,true,22
726,218,654,922,2977,1319.0,6028,70,1,1,1.0,1000,6,5,true,22
726,219,657,923,2980,1325.0,6041,70,1,1,1.0,1000,6,5,true,22
726,220,660,923,2983,1331.0,6053,70,1,1,1.0,1000,6,5,true,22
726,221,663,923,2986,1337.0,6065,70,1,1,1.0,1000,6,5,true,22
726,222,665,924,2988,1341.0,6075,70,1,1,1.0,1000,6,5,true,22
726,223,668,924,2991,1347.0,6089,70,1,1,1.0,1000,6,5,true,22
726,224,671,924,2994,1353.0,6099,70,1,1,1.0,1000,6,5,true,22
726,225,674,924,2997,1359.0,6112,70,1,1,1.0,1000,6,5,true,22
726,226,677,925,3000,1365.0,6122,70,1,1,1.0,1000,6,5,true,22
726,227,680,926,3003,1371.0,6135,70,1,1,1.0,1000,6,5,true,22
726,228,683,926,3006,1377.0,6153,70,1,1,1.0,1000,6,5,true,22
726,229,686,926,3009,1383.0,6169,70,1,1,1.0,1000,6,5,true,22
726,230,689,926,3012,1389.0,6181,70,1,1,1.0,1000,6,5,true,22
726,231,692,926,3015,1395.0,6193,70,1,1,1.0,1000,6,5,true,22
726,232,695,927,3018,1401.0,6208,70,1,1,1.0,1000,6,5,true,22
726,233,698,927,3021,1407.0,6225,70,1,1,1.0,1000,6,5,true,22
726,234,701,927,3024,1413.0,6242,70,1,1,1.0,1000,6,5,true,22
726,235,704,927,3027,1419.0,6257,70,1,1,1.0,1000,6,5,true,22
726,236,707,927,3030,1425.0,6268,70,1,1,1.0,1000,6,5,true,22
726,237,710,928,3033,1431.0,6283,70,1,1,1.0,1000,6,5,true,22
726,238,713,929,3036,1437.0,6299,70,1,1,1.0,1000,6,5,true,22
726,239,716,929,3039,1443.0,6308,70,1,1,1.0,1000,6,5,true,22
726,240,719,930,3042,1449.0,6321,70,1,1,1.0,1000,6,5,true,22
726,241,722,930,3045,1455.0,6338,70,1,1,1.0,1000,6,5,true,22
726,242,725,930,3048,1461.0,6349,70,1,1,1.0,1000,6,5,true,22
726,243,728,930,3051,1467.0,6360,70,1,1,1.0,1000,6,5,true,22
726,244,731,930,3054,1473.0,6375,70,1,1,1.0,1000,6,5,true,22
726,245,734,930,3057,1479.0,6389,70,1,1,1.0,1000,6,5,true,22
726,246,737,930,3060,1485.0,6400,70,1,1,1.0,1000,6,5,true,22
726,247,740,930,3063,1491.0,6412,70,1,1,1.0,1000,6,5,true,22
726,248,743,930,3066,1497.0,6424,70,1,1,1.0,1000,6,5,true,22
726,249,746,930,3069,1503.0,6438,70,1,1,1.0,1000,6,5,true,22
726,250,749,930,3072,1509.0,6451,70,1,1,1.0,1000,6,5,true,22
726,251,752,930,3075,1515.0,6468,70,1,1,1.0,1000,6,5,true,22
726,252,755,930,3078,1521.0,6483,70,1,1,1.0,1000,6,5,true,22
726,253,758,930,3081,1527.0,6496,70,1,1,1.0,1000,6,5,true,22
726,254,761,930,3084,1533.0,6513,70,1,1,1.0,1000,6,5,true,22
726,255,764,930,3087,1539.0,6526,70,1,1,1.0,1000,6,5,true,22
726,256,767,930,3090,1545.0,6538,70,1,1,1.0,1000,6,5,true,22
726,257,770,930,3093,1551.0,6543,70,1,1,1.0,1000,6,5,true,22
726,258,773,931,3096,1557.0,6549,70,1,1,1.0,1000,6,5,true,22
726,259,776,931,3099,1563.0,6559,70,1,1,1.0,1000,6,5,true,22
726,260,779,931,3102,1569.0,6579,70,1,1,1.0,1000,6,5,true,22
726,261,782,931,3105,1575.0,6596,70,1,1,1.0,1000,6,5,true,22
726,262,785,931,3108,1581.0,6608,70,1,1,1.0,1000,6,5,true,22
726,263,788,932,3111,1587.0,6619,70,1,1,1.0,1000,6,5,true,22
726,264,791,932,3114,1593.0,6634,70,1,1,1.0,1000,6,5,true,22
726,265,794,932,3117,1599.0,6649,70,1,1,1.0,1000,6,5,true,22
726,266,797,932,3120,1605.0,6659,70,1,1,1.0,1000,6,5,true,22
726,267,800,934,3123,1611.0,6668,70,1,1,1.0,1000,6,5,true,22
726,268,803,934,3126,1617.0,6680,70,1,1,1.0,1000,6,5,true,22
726,269,806,935,3129,1623.0,6686,70,1,1,1.0,1000,6,5,true,22
726,270,809,935,3132,1629.0,6702,70,1,1,1.0,1000,6,5,true,22
726,271,812,935,3135,1635.0,6711,70,1,1,1.0,1000,6,5,true,22
726,272,815,935,3138,1641.0,6726,70,1,1,1.0,1000,6,5,true,22
726,273,818,935,3141,1647.0,6742,70,1,1,1.0,1000,6,5,true,22
726,274,821,936,3144,1653.0,6749,70,1,1,1.0,1000,6,5,true,22
726,275,824,936,3147,1659.0,6761,70,1,1,1.0,1000,6,5,true,22
726,276,827,936,3150,1665.0,6772,70,1,1,1.0,1000,6,5,true,22
726,277,830,936,3153,1671.0,6785,70,1,1,1.0,1000,6,5,true,22
726,278,833,936,3156,1677.0,6809,70,1,1,1.0,1000,6,5,true,22
726,279,836,936,3159,1683.0,6825,70,1,1,1.0,1000,6,5,true,22
726,280,839,936,3162,1689.0,6834,70,1,1,1.0,1000,6,5,true,22
726,281,842,936,3165,1695.0,6843,70,1,1,1.0,1000,6,5,true,22
726,282,845,936,3168,1701.0,6852,70,1,1,1.0,1000,6,5,true,22
726,283,848,936,3171,1707.0,6866,70,1,1,1.0,1000,6,5,true,22
726,284,851,936,3174,1713.0,6879,70,1,1,1.0,1000,6,5,true,22
726,285,854,936,3177,1719.0,6889,70,1,1,1.0,1000,6,5,true,22
726,286,857,936,3180,1725.0,6899,70,1,1,1.0,1000,6,5,true,22
726,287,860,936,3183,1731.0,6909,70,1,1,1.0,1000,6,5,true,22
726,288,863,936,3186,1737.0,6918,70,1,1,1.0,1000,6,5,true,22
726,289,866,936,3189,1743.0,6933,70,1,1,1.0,1000,6,5,true,22
726,290,869,936,3192,1749.0,6950,70,1,1,1.0,1000,6,5,true,22
726,291,872,936,3195,1755.0,6967,70,1,1,1.0,1000,6,5,true,22
726,292,875,936,3198,1761.0,6982,70,1,1,1.0,1000,6,5,true,22
726,293,878,936,3201,1767.0,6990,70,1,1,1.0,1000,6,5,true,22
726,294,881,937,3204,1773.0,7001,70,1,1,1.0,1000,6,5,true,22
726,295,884,937,3207,1779.0,7012,70,1,1,1.0,1000,6,5,true,22
726,296,887,937,3210,1785.0,7024,70,1,1,1.0,1000,6,5,true,22
726,297,890,938,3213,1791.0,7037,70,1,1,1.0,1000,6,5,true,22
726,298,893,938,3216,1797.0,7047,70,1,1,1.0,1000,6,5,true,22
726,299,895,938,3218,1801.0,7053,70,1,1,1.0,1000,6,5,true,22
726,300,899,938,3222,1809.0,7067,70,1,1,1.0,1000,6,5,true,22
726,301,902,939,3225,1815.0,7080,70,1,1,1.0,1000,6,5,true,22
726,302,905,939,3228,1821.0,7087,70,1,1,1.0,1000,6,5,true,22
726,303,908,940,3231,1827.0,7097,70,1,1,1.0,1000,6,5,true,22
726,304,911,940,3234,1833.0,7111,70,1,1,1.0,1000,6,5,true,22
726,305,914,940,3237,1839.0,7125,70,1,1,1.0,1000,6,5,true,22
726,306,917,940,3240,1845.0,7138,70,1,1,1.0,1000,6,5,true,22
726,307,920,940,3243,1851.0,7155,70,1,1,1.0,1000,6,5,true,22
726,308,923,940,3246,1857.0,7173,70,1,1,1.0,1000,6,5,true,22
726,309,926,940,3249,1863.0,7184,70,1,1,1.0,1000,6,5,true,22
726,310,929,941,3252,1869.0,7200,70,1,1,1.0,1000,6,5,true,22
726,311,932,942,3255,1875.0,7215,70,1,1,1.0,1000,6,5,true,22
726,312,935,943,3258,1881.0,7224,70,1,1,1.0,1000,6,5,true,22
726,313,938,943,3261,1887.0,7236,70,1,1,1.0,1000,6,5,true,22
726,314,941,943,3264,1893.0,7246,70,1,1,1.0,1000,6,5,true,22
726,315,944,944,3267,1899.0,7254,70,1,1,1.0,1000,6,5,true,22
726,316,947,944,3270,1905.0,7272,70,1,1,1.0,1000,6,5,true,22
726,317,950,944,3273,1911.0,7281,70,1,1,1.0,1000,6,5,true,22
726,318,953,944,3276,1917.0,7293,70,1,1,1.0,1000,6,5,true,22
726,319,956,944,3279,1923.0,7312,70,1,1,1.0,1000,6,5,true,22
726,320,959,944,3282,1929.0,7322,70,1,1,1.0,1000,6,5,true,22
726,321,962,962,4787,1936.0,7408,70,1,1,1.0,1000,6,5,true,22
726,322,965,982,4815,1943.0,7495,70,1,1,1.0,1000,6,5,true,22
726,323,968,982,4818,1949.0,7516,70,1,1,1.0,1000,6,5,true,22
726,324,971,982,4821,1955.0,7527,70,1,1,1.0,1000,6,5,true,22
726,325,974,982,4824,1961.0,7536,70,1,1,1.0,1000,6,5,true,22
726,326,977,982,4827,1967.0,7546,70,1,1,1.0,1000,6,5,true,22
726,327,980,982,4830,1973.0,7558,70,1,1,1.0,1000,6,5,true,22
726,328,983,982,4833,1979.0,7569,70,1,1,1.0,1000,6,5,true,22
726,329,986,982,4836,1985.0,7580,70,1,1,1.0,1000,6,5,true,22
726,330,989,982,4839,1991.0,7584,70,1,1,1.0,1000,6,5,true,22
726,331,992,982,4842,1997.0,7593,70,1,1,1.0,1000,6,5,true,22
726,332,995,982,4845,2003.0,7610,70,1,1,1.0,1000,6,5,true,22
726,333,998,982,4848,2009.0,7621,70,1,1,1.0,1000,6,5,true,22
726,334,1001,982,4851,2015.0,7634,70,1,1,1.0,1000,6,5,true,22
726,335,1004,982,4854,2021.0,7650,70,1,1,1.0,1000,6,5,true,22
726,336,1007,982,4857,2027.0,7663,70,1,1,1.0,1000,6,5,true,22
726,337,1010,983,4860,2033.0,7680,70,1,1,1.0,1000,6,5,true,22
726,338,1013,983,4863,2039.0,7693,70,1,1,1.0,1000,6,5,true,22
726,339,1016,983,4866,2045.0,7702,70,1,1,1.0,1000,6,5,true,22
726,340,1019,983,4869,2051.0,7712,70,1,1,1.0,1000,6,5,true,22
726,341,1022,983,4872,2057.0,7725,70,1,1,1.0,1000,6,5,true,22
726,342,1025,983,4875,2063.0,7738,70,1,1,1.0,1000,6,5,true,22
726,343,1028,983,4878,2069.0,7751,70,1,1,1.0,1000,6,5,true,22
726,344,1031,983,4881,2075.0,7765,70,1,1,1.0,1000,6,5,true,22
726,345,1034,984,4884,2081.0,7776,70,1,1,1.0,1000,6,5,true,22
726,346,1037,984,4887,2087.0,7787,70,1,1,1.0,1000,6,5,true,22
726,347,1040,984,4890,2093.0,7800,70,1,1,1.0,1000,6,5,true,22
726,348,1043,984,4893,2099.0,7818,70,1,1,1.0,1000,6,5,true,22
726,349,1046,985,4896,2105.0,7829,70,1,1,1.0,1000,6,5,true,22
726,350,1049,985,4899,2111.0,7844,70,1,1,1.0,1000,6,5,true,22
726,351,1052,989,5250,2120.0,7869,70,1,1,1.0,1000,6,5,true,22
726,352,1055,989,5253,2126.0,7886,70,1,1,1.0,1000,6,5,true,22
726,353,1058,989,5256,2132.0,7895,70,1,1,1.0,1000,6,5,true,22
726,354,1061,989,5259,2138.0,7911,70,1,1,1.0,1000,6,5,true,22
726,355,1064,989,5262,2144.0,7926,70,1,1,1.0,1000,6,5,true,22
726,356,1067,989,5265,2150.0,7942,70,1,1,1.0,1000,6,5,true,22
726,357,1070,989,5268,2156.0,7953,70,1,1,1.0,1000,6,5,true,22
726,358,1073,989,5271,2162.0,7961,70,1,1,1.0,1000,6,5,true,22
726,359,1076,989,5274,2168.0,7975,70,1,1,1.0,1000,6,5,true,22
726,360,1079,989,5277,2174.0,7992,70,1,1,1.0,1000,6,5,true,22
726,361,1082,990,5400,2183.0,8006,70,1,1,1.0,1000,6,5,true,22
726,362,1085,990,5403,2189.0,8014,70,1,1,1.0,1000,6,5,true,22
726,363,1088,990,5406,2195.0,8019,70,1,1,1.0,1000,6,5,true,22
726,364,1091,990,5409,2201.0,8027,70,1,1,1.0,1000,6,5,true,22
726,365,1094,990,5412,2207.0,8036,70,1,1,1.0,1000,6,5,true,22
726,366,1097,990,5415,2213.0,8042,70,1,1,1.0,1000,6,5,true,22
726,367,1100,990,5418,2219.0,8057,70,1,1,1.0,1000,6,5,true,22
726,368,1103,990,5421,2225.0,8070,70,1,1,1.0,1000,6,5,true,22
726,369,1106,990,5424,2231.0,8083,70,1,1,1.0,1000,6,5,true,22
726,370,1109,990,5427,2237.0,8089,70,1,1,1.0,1000,6,5,true,22
726,371,1112,990,5430,2243.0,8103,70,1,1,1.0,1000,6,5,true,22
726,372,1115,990,5433,2249.0,8117,70,1,1,1.0,1000,6,5,true,22
726,373,1118,990,5436,2255.0,8134,70,1,1,1.0,1000,6,5,true,22
726,374,1121,990,5439,2261.0,8145,70,1,1,1.0,1000,6,5,true,22
726,375,1124,990,5442,2267.0,8158,70,1,1,1.0,1000,6,5,true,22
726,376,1127,990,5445,2273.0,8168,70,1,1,1.0,1000,6,5,true,22
726,377,1130,990,5448,2279.0,8183,70,1,1,1.0,1000,6,5,true,22
726,378,1133,990,5451,2285.0,8192,70,1,1,1.0,1000,6,5,true,22
726,379,1136,990,5454,2291.0,8205,70,1,1,1.0,1000,6,5,true,22
726,380,1139,990,5457,2297.0,8216,70,1,1,1.0,1000,6,5,true,22
726,381,1142,990,5460,2303.0,8225,70,1,1,1.0,1000,6,5,true,22
726,382,1144,990,5462,2307.0,8236,70,1,1,1.0,1000,6,5,true,22
726,383,1147,990,5465,2313.0,8248,70,1,1,1.0,1000,6,5,true,22
726,384,1150,990,5468,2319.0,8268,70,1,1,1.0,1000,6,5,true,22
726,385,1153,990,5471,2325.0,8279,70,1,1,1.0,1000,6,5,true,22
726,386,1156,990,5474,2331.0,8293,70,1,1,1.0,1000,6,5,true,22
726,387,1159,990,5477,2337.0,8301,70,1,1,1.0,1000,6,5,true,22
726,388,1162,990,5480,2343.0,8313,70,1,1,1.0,1000,6,5,true,22
726,389,1165,990,5483,2349.0,8326,70,1,1,1.0,1000,6,5,true,22
726,390,1168,990,5486,2355.0,8338,70,1,1,1.0,1000,6,5,true,22
726,391,1171,990,5489,2361.0,8346,70,1,1,1.0,1000,6,5,true,22
726,392,1174,990,5492,2367.0,8361,70,1,1,1.0,1000,6,5,true,22
726,393,1177,990,5495,2373.0,8371,70,1,1,1.0,1000,6,5,true,22
726,394,1180,990,5498,2379.0,8388,70,1,1,1.0,1000,6,5,true,22
726,395,1183,990,5501,2385.0,8395,70,1,1,1.0,1000,6,5,true,22
726,396,1186,990,5504,2391.0,8408,70,1,1,1.0,1000,6,5,true,22
726,397,1189,990,5507,2397.0,8422,70,1,1,1.0,1000,6,5,true,22
726,398,1192,990,5510,2403.0,8439,70,1,1,1.0,1000,6,5,true,22
726,399,1195,990,5513,2409.0,8455,70,1,1,1.0,1000,6,5,true,22
726,400,1198,990,5516,2415.0,8471,70,1,1,1.0,1000,6,5,true,22
726,401,1201,990,5519,2421.0,8480,70,1,1,1.0,1000,6,5,true,22
726,402,1204,990,5522,2427.0,8493,70,1,1,1.0,1000,6,5,true,22
726,403,1207,990,5525,2433.0,8507,70,1,1,1.0,1000,6,5,true,22
726,404,1210,990,5528,2439.0,8521,70,1,1,1.0,1000,6,5,true,22
726,405,1213,990,5531,2445.0,8534,70,1,1,1.0,1000,6,5,true,22
726,406,1216,990,5534,2451.0,8548,70,1,1,1.0,1000,6,5,true,22
726,407,1219,990,5537,2457.0,8558,70,1,1,1.0,1000,6,5,true,22
726,408,1222,990,5540,2463.0,8575,70,1,1,1.0,1000,6,5,true,22
726,409,1225,990,5543,2469.0,8595,70,1,1,1.0,1000,6,5,true,22
726,410,1228,990,5546,2475.0,8612,70,1,1,1.0,1000,6,5,true,22
726,411,1231,990,5549,2481.0,8622,70,1,1,1.0,1000,6,5,true,22
726,412,1234,990,5552,2487.0,8637,70,1,1,1.0,1000,6,5,true,22
726,413,1237,990,5555,2493.0,8654,70,1,1,1.0,1000,6,5,true,22
726,414,1240,991,5558,2499.0,8665,70,1,1,1.0,1000,6,5,true,22
726,415,1243,991,5561,2505.0,8674,70,1,1,1.0,1000,6,5,true,22
726,416,1246,991,5564,2511.0,8687,70,1,1,1.0,1000,6,5,true,22
726,417,1249,991,5567,2517.0,8704,70,1,1,1.0,1000,6,5,true,22
726,418,1252,991,5570,2523.0,8715,70,1,1,1.0,1000,6,5,true,22
726,419,1255,991,5573,2529.0,8728,70,1,1,1.0,1000,6,5,true,22
726,420,1258,991,5576,2535.0,8739,70,1,1,1.0,1000,6,5,true,22
726,421,1261,991,5579,2541.0,8754,70,1,1,1.0,1000,6,5,true,22
726,422,1264,991,5582,2547.0,8766,70,1,1,1.0,1000,6,5,true,22
726,423,1267,991,5585,2553.0,8778,70,1,1,1.0,1000,6,5,true,22
726,424,1270,991,5588,2559.0,8784,70,1,1,1.0,1000,6,5,true,22
726,425,1273,999,6343,2568.0,8827,70,1,1,1.0,1000,6,5,true,22
726,426,1276,999,6346,2574.0,8840,70,1,1,1.0,1000,6,5,true,22
726,427,1279,999,6349,2580.0,8854,70,1,1,1.0,1000,6,5,true,22
726,428,1281,999,6351,2584.0,8866,70,1,1,1.0,1000,6,5,true,22
726,429,1284,999,6354,2590.0,8881,70,1,1,1.0,1000,6,5,true,22
726,430,1287,999,6357,2596.0,8894,70,1,1,1.0,1000,6,5,true,22
726,431,1290,999,6360,2602.0,8907,70,1,1,1.0,1000,6,5,true,22
726,432,1293,999,6363,2608.0,8911,70,1,1,1.0,1000,6,5,true,22
726,433,1296,999,6366,2614.0,8928,70,1,1,1.0,1000,6,5,true,22
726,434,1299,999,6369,2620.0,8944,70,1,1,1.0,1000,6,5,true,22
726,435,1302,999,6372,2626.0,8959,70,1,1,1.0,1000,6,5,true,22
726,436,1305,999,6375,2632.0,8969,70,1,1,1.0,1000,6,5,true,22
726,437,1308,999,6378,2638.0,8976,70,1,1,1.0,1000,6,5,true,22
726,438,1311,999,6381,2644.0,8990,70,1,1,1.0,1000,6,5,true,22
726,439,1314,999,6384,2650.0,9004,70,1,1,1.0,1000,6,5,true,22
726,440,1317,999,6387,2656.0,9019,70,1,1,1.0,1000,6,5,true,22
726,441,1320,999,6390,2662.0,9030,70,1,1,1.0,1000,6,5,true,22
726,442,1323,999,6393,2668.0,9044,70,1,1,1.0,1000,6,5,true,22
726,443,1326,999,6396,2674.0,9057,70,1,1,1.0,1000,6,5,true,22
726,444,1329,999,6399,2680.0,9065,70,1,1,1.0,1000,6,5,true,22
726,445,1332,999,6402,2686.0,9073,70,1,1,1.0,1000,6,5,true,22
726,446,1335,999,6405,2692.0,9091,70,1,1,1.0,1000,6,5,true,22
726,447,1338,999,6408,2698.0,9100,70,1,1,1.0,1000,6,5,true,22
726,448,1341,999,6411,2704.0,9114,70,1,1,1.0,1000,6,5,true,22
726,449,1344,999,6414,2710.0,9124,70,1,1,1.0,1000,6,5,true,22
726,450,1347,999,6417,2716.0,9137,70,1,1,1.0,1000,6,5,true,22
726,451,1350,999,6420,2722.0,9148,70,1,1,1.0,1000,6,5,true,22
726,452,1353,999,6423,2728.0,9166,70,1,1,1.0,1000,6,5,true,22
726,453,1356,999,6426,2734.0,9178,70,1,1,1.0,1000,6,5,true,22
726,454,1359,999,6785,2742.0,9188,70,1,1,1.0,1000,6,5,true,22
726,455,1362,999,6788,2748.0,9196,70,1,1,1.0,1000,6,5,true,22
726,456,1365,999,6791,2754.0,9210,70,1,1,1.0,1000,6,5,true,22
726,457,1368,999,6794,2760.0,9225,70,1,1,1.0,1000,6,5,true,22
726,458,1371,999,6797,2766.0,9240,70,1,1,1.0,1000,6,5,true,22
726,459,1374,999,6800,2772.0,9260,70,1,1,1.0,1000,6,5,true,22
726,460,1377,999,6803,2778.0,9273,70,1,1,1.0,1000,6,5,true,22
726,461,1380,999,6806,2784.0,9281,70,1,1,1.0,1000,6,5,true,22
726,462,1383,999,6809,2790.0,9297,70,1,1,1.0,1000,6,5,true,22
726,463,1386,999,6812,2796.0,9308,70,1,1,1.0,1000,6,5,true,22
726,464,1389,999,6815,2802.0,9317,70,1,1,1.0,1000,6,5,true,22
726,465,1392,999,6818,2808.0,9330,70,1,1,1.0,1000,6,5,true,22
726,466,1395,999,6821,2814.0,9342,70,1,1,1.0,1000,6,5,true,22
726,467,1398,999,6824,2820.0,9356,70,1,1,1.0,1000,6,5,true,22
726,468,1401,999,6827,2826.0,9378,70,1,1,1.0,1000,6,5,true,22
726,469,1404,999,6830,2832.0,9394,70,1,1,1.0,1000,6,5,true,22
726,470,1407,999,6833,2838.0,9411,70,1,1,1.0,1000,6,5,true,22
726,471,1409,999,6835,2842.0,9419,70,1,1,1.0,1000,6,5,true,22
726,472,1412,999,6838,2848.0,9431,70,1,1,1.0,1000,6,5,true,22
726,473,1415,999,6841,2854.0,9450,70,1,1,1.0,1000,6,5,true,22
726,474,1418,999,6844,2860.0,9463,70,1,1,1.0,1000,6,5,true,22
726,475,1421,999,6847,2866.0,9470,70,1,1,1.0,1000,6,5,true,22
726,476,1424,999,6850,2872.0,9482,70,1,1,1.0,1000,6,5,true,22
726,477,1427,999,6853,2878.0,9497,70,1,1,1.0,1000,6,5,true,22
726,478,1430,999,6856,2884.0,9511,70,1,1,1.0,1000,6,5,true,22
726,479,1433,999,7155,2892.0,9530,70,1,1,1.0,1000,6,5,true,22
726,480,1436,999,7158,2898.0,9538,70,1,1,1.0,1000,6,5,true,22
726,481,1439,1000,7173,2906.0,9555,70,1,1,1.0,1000,6,5,true,22
726,482,1442,1000,7176,2912.0,9565,70,1,1,1.0,1000,6,5,true,22
726,483,1445,1000,7179,2918.0,9572,70,1,1,1.0,1000,6,5,true,22
726,484,1448,1000,7182,2924.0,9590,70,1,1,1.0,1000,6,5,true,22
726,486,1454,1000,7218,2937.0,9611,70,1,1,1.0,1000,6,5,true,22
726,486,1454,1000,7218,2937.0,9611,70,1,1,1.0,1000,6,5,true,22
726,487,1457,1000,7221,2943.0,9620,70,1,1,1.0,1000,6,5,true,22
726,488,1460,1000,7248,2951.0,9636,70,1,1,1.0,1000,6,5,true,22
726,489,1463,1000,7251,2957.0,9660,70,1,1,1.0,1000,6,5,true,22
726,490,1466,1000,7254,2963.0,9669,70,1,1,1.0,1000,6,5,true,22
726,491,1469,1000,7257,2969.0,9682,70,1,1,1.0,1000,6,5,true,22
726,492,1472,1000,7260,2975.0,9689,70,1,1,1.0,1000,6,5,true,22
726,493,1475,1000,7263,2981.0,9706,70,1,1,1.0,1000,6,5,true,22
726,494,1478,1000,7266,2987.0,9721,70,1,1,1.0,1000,6,5,true,22
726,495,1481,1000,7269,2993.0,9733,70,1,1,1.0,1000,6,5,true,22
726,496,1484,1000,7272,2999.0,9743,70,1,1,1.0,1000,6,5,true,22
726,497,1487,1000,7275,3005.0,9756,70,1,1,1.0,1000,6,5,true,22
726,498,1490,1000,7278,3011.0,9768,70,1,1,1.0,1000,6,5,true,22
726,499,1493,1000,7281,3017.0,9778,70,1,1,1.0,1000,6,5,true,22
726,500,1496,1000,7284,3023.0,9790,70,1,1,1.0,1000,6,5,true,22
726,501,1499,1000,7287,3029.0,9804,70,1,1,1.0,1000,6,5,true,22
726,502,1502,1000,7290,3035.0,9819,70,1,1,1.0,1000,6,5,true,22
726,503,1505,1000,7293,3041.0,9841,70,1,1,1.0,1000,6,5,true,22
726,504,1508,1000,7296,3047.0,9855,70,1,1,1.0,1000,6,5,true,22
726,505,1511,1000,7299,3053.0,9870,70,1,1,1.0,1000,6,5,true,22
726,506,1514,1000,7302,3059.0,9880,70,1,1,1.0,1000,6,5,true,22
726,507,1517,1000,7305,3065.0,9893,70,1,1,1.0,1000,6,5,true,22
726,508,1520,1000,7308,3071.0,9905,70,1,1,1.0,1000,6,5,true,22
726,509,1523,1000,7311,3077.0,9917,70,1,1,1.0,1000,6,5,true,22
726,510,1526,1000,7314,3083.0,9926,70,1,1,1.0,1000,6,5,true,22
726,511,1529,1000,7317,3089.0,9931,70,1,1,1.0,1000,6,5,true,22
726,512,1532,1000,7320,3095.0,9943,70,1,1,1.0,1000,6,5,true,22
726,513,1535,1000,7323,3101.0,9953,70,1,1,1.0,1000,6,5,true,22
726,514,1538,1000,7326,3107.0,9966,70,1,1,1.0,1000,6,5,true,22
726,515,1541,1000,7329,3113.0,9980,70,1,1,1.0,1000,6,5,true,22
726,516,1544,1000,7332,3119.0,9996,70,1,1,1.0,1000,6,5,true,22
726,517,1547,1000,7662,3125.0,10009,70,1,1,1.0,1000,6,5,true,22
726,518,1550,1000,7665,3131.0,10023,70,1,1,1.0,1000,6,5,true,22
726,519,1553,1000,7668,3137.0,10039,70,1,1,1.0,1000,6,5,true,22
726,520,1556,1000,7671,3143.0,10050,70,1,1,1.0,1000,6,5,true,22
726,521,1559,1000,7674,3149.0,10054,70,1,1,1.0,1000,6,5,true,22
726,522,1562,1000,7677,3155.0,10060,70,1,1,1.0,1000,6,5,true,22
726,523,1565,1000,7680,3161.0,10068,70,1,1,1.0,1000,6,5,true,22
726,524,1568,1000,7683,3167.0,10086,70,1,1,1.0,1000,6,5,true,22
726,525,1571,1000,7871,3174.0,10098,70,1,1,1.0,1000,6,5,true,22
726,526,1574,1000,7874,3180.0,10109,70,1,1,1.0,1000,6,5,true,22
726,527,1577,1000,7877,3186.0,10129,70,1,1,1.0,1000,6,5,true,22
726,528,1580,1000,7880,3192.0,10145,70,1,1,1.0,1000,6,5,true,22
726,529,1583,1000,7883,3198.0,10154,70,1,1,1.0,1000,6,5,true,22
726,530,1586,1000,7886,3204.0,10175,70,1,1,1.0,1000,6,5,true,22
726,531,1589,1000,7889,3210.0,10183,70,1,1,1.0,1000,6,5,true,22
726,532,1592,1000,7892,3216.0,10192,70,1,1,1.0,1000,6,5,true,22
726,533,1595,1000,7895,3222.0,10204,70,1,1,1.0,1000,6,5,true,22
726,534,1598,1000,7930,3228.0,10213,70,1,1,1.0,1000,6,5,true,22
726,535,1601,1000,7933,3234.0,10228,70,1,1,1.0,1000,6,5,true,22
726,536,1604,1000,7936,3240.0,10242,70,1,1,1.0,1000,6,5,true,22
726,537,1607,1000,7939,3246.0,10256,70,1,1,1.0,1000,6,5,true,22
726,538,1610,1000,7942,3252.0,10266,70,1,1,1.0,1000,6,5,true,22
726,539,1613,1000,7945,3258.0,10280,70,1,1,1.0,1000,6,5,true,22
726,540,1616,1000,7948,3264.0,10288,70,1,1,1.0,1000,6,5,true,22
726,541,1619,1000,7951,3270.0,10296,70,1,1,1.0,1000,6,5,true,22
726,542,1622,1000,7954,3276.0,10310,70,1,1,1.0,1000,6,5,true,22
726,543,1625,1000,7957,3282.0,10324,70,1,1,1.0,1000,6,5,true,22
726,544,1628,1000,7960,3288.0,10340,70,1,1,1.0,1000,6,5,true,22
726,545,1631,1000,7963,3294.0,10352,70,1,1,1.0,1000,6,5,true,22
726,546,1634,1000,7966,3300.0,10368,70,1,1,1.0,1000,6,5,true,22
726,547,1637,1000,7969,3306.0,10378,70,1,1,1.0,1000,6,5,true,22
726,548,1640,1000,7972,3312.0,10393,70,1,1,1.0,1000,6,5,true,22
726,549,1643,1000,7975,3318.0,10404,70,1,1,1.0,1000,6,5,true,22
726,550,1646,1000,7978,3324.0,10421,70,1,1,1.0,1000,6,5,true,22
726,551,1649,1000,7981,3330.0,10435,70,1,1,1.0,1000,6,5,true,22
726,552,1652,1000,7984,3336.0,10448,70,1,1,1.0,1000,6,5,true,22
726,553,1655,1000,7987,3342.0,10467,70,1,1,1.0,1000,6,5,true,22
726,554,1658,1000,7990,3348.0,10477,70,1,1,1.0,1000,6,5,true,22
726,555,1661,1000,7993,3354.0,10492,70,1,1,1.0,1000,6,5,true,22
726,556,1664,1000,7996,3360.0,10509,70,1,1,1.0,1000,6,5,true,22
726,557,1667,1000,7999,3366.0,10524,70,1,1,1.0,1000,6,5,true,22
726,558,1670,1000,8002,3372.0,10535,70,1,1,1.0,1000,6,5,true,22
726,559,1674,1000,8006,3380.0,10549,70,1,1,1.0,1000,6,5,true,22
726,560,1677,1000,8009,3386.0,10567,70,1,1,1.0,1000,6,5,true,22
726,561,1680,1000,8012,3392.0,10577,70,1,1,1.0,1000,6,5,true,22
726,562,1683,1000,8015,3398.0,10591,70,1,1,1.0,1000,6,5,true,22
726,563,1686,1000,8018,3404.0,10609,70,1,1,1.0,1000,6,5,true,22
726,564,1689,1000,8021,3410.0,10619,70,1,1,1.0,1000,6,5,true,22
726,565,1692,1000,8024,3416.0,10631,70,1,1,1.0,1000,6,5,true,22
726,566,1695,1000,8027,3422.0,10642,70,1,1,1.0,1000,6,5,true,22
726,567,1698,1000,8030,3428.0,10654,70,1,1,1.0,1000,6,5,true,22
726,568,1701,1000,8033,3434.0,10665,70,1,1,1.0,1000,6,5,true,22
726,569,1704,1000,8036,3440.0,10677,70,1,1,1.0,1000,6,5,true,22
726,570,1707,1000,8039,3446.0,10692,70,1,1,1.0,1000,6,5,true,22
726,571,1710,1000,8042,3452.0,10699,70,1,1,1.0,1000,6,5,true,22
726,572,1713,1000,8045,3458.0,10708,70,1,1,1.0,1000,6,5,true,22
726,573,1716,1000,8048,3464.0,10723,70,1,1,1.0,1000,6,5,true,22
726,574,1719,1000,8051,3470.0,10740,70,1,1,1.0,1000,6,5,true,22
726,575,1722,1000,8054,3476.0,10751,70,1,1,1.0,1000,6,5,true,22
726,576,1725,1000,8057,3482.0,10763,70,1,1,1.0,1000,6,5,true,22
726,577,1728,1000,8060,3488.0,10778,70,1,1,1.0,1000,6,5,true,22
726,578,1731,1000,8063,3494.0,10791,70,1,1,1.0,1000,6,5,true,22
726,579,1734,1000,8066,3500.0,10805,70,1,1,1.0,1000,6,5,true,22
726,580,1737,1000,8069,3506.0,10811,70,1,1,1.0,1000,6,5,true,22
726,581,1740,1000,8072,3512.0,10823,70,1,1,1.0,1000,6,5,true,22
726,582,1743,1000,8075,3518.0,10833,70,1,1,1.0,1000,6,5,true,22
726,583,1746,1000,8078,3524.0,10846,70,1,1,1.0,1000,6,5,true,22
726,584,1749,1000,8081,3530.0,10861,70,1,1,1.0,1000,6,5,true,22
726,585,1752,1000,8084,3536.0,10876,70,1,1,1.0,1000,6,5,true,22
726,586,1755,1000,8087,3542.0,10898,70,1,1,1.0,1000,6,5,true,22
726,587,1758,1000,8090,3548.0,10913,70,1,1,1.0,1000,6,5,true,22
726,588,1761,1000,8093,3554.0,10926,70,1,1,1.0,1000,6,5,true,22
726,589,1764,1000,8096,3560.0,10943,70,1,1,1.0,1000,6,5,true,22
726,590,1767,1000,8099,3566.0,10954,70,1,1,1.0,1000,6,5,true,22
726,591,1770,1000,8102,3572.0,10968,70,1,1,1.0,1000,6,5,true,22
726,592,1773,1000,8105,3578.0,10980,70,1,1,1.0,1000,6,5,true,22
726,593,1776,1000,8108,3584.0,10995,70,1,1,1.0,1000,6,5,true,22
726,594,1779,1000,8111,3590.0,11010,70,1,1,1.0,1000,6,5,true,22
726,595,1782,1000,8114,3596.0,11027,70,1,1,1.0,1000,6,5,true,22
726,596,1785,1000,8117,3602.0,11039,70,1,1,1.0,1000,6,5,true,22
726,597,1788,1000,8120,3608.0,11053,70,1,1,1.0,1000,6,5,true,22
726,598,1791,1000,8123,3614.0,11064,70,1,1,1.0,1000,6,5,true,22
726,599,1794,1000,8126,3620.0,11080,70,1,1,1.0,1000,6,5,true,22
726,600,1797,1000,8129,3626.0,11089,70,1,1,1.0,1000,6,5,true,22
726,601,1800,1000,8132,3632.0,11103,70,1,1,1.0,1000,6,5,true,22
726,602,1803,1000,8135,3638.0,11115,70,1,1,1.0,1000,6,5,true,22
726,603,1806,1000,8138,3644.0,11127,70,1,1,1.0,1000,6,5,true,22
726,604,1809,1000,8141,3650.0,11135,70,1,1,1.0,1000,6,5,true,22
726,605,1812,1000,8144,3656.0,11142,70,1,1,1.0,1000,6,5,true,22
726,606,1815,1000,8147,3662.0,11154,70,1,1,1.0,1000,6,5,true,22
726,607,1818,1000,8150,3668.0,11169,70,1,1,1.0,1000,6,5,true,22
726,608,1821,1000,8153,3674.0,11184,70,1,1,1.0,1000,6,5,true,22
726,609,1824,1000,8156,3680.0,11195,70,1,1,1.0,1000,6,5,true,22
726,610,1827,1000,8159,3686.0,11206,70,1,1,1.0,1000,6,5,true,22
726,611,1830,1000,8162,3692.0,11219,70,1,1,1.0,1000,6,5,true,22
726,612,1833,1000,8165,3698.0,11231,70,1,1,1.0,1000,6,5,true,22
726,613,1836,1000,8168,3704.0,11245,70,1,1,1.0,1000,6,5,true,22
726,614,1839,1000,8171,3710.0,11260,70,1,1,1.0,1000,6,5,true,22
726,615,1842,1000,8174,3716.0,11274,70,1,1,1.0,1000,6,5,true,22
726,616,1845,1000,8177,3722.0,11283,70,1,1,1.0,1000,6,5,true,22
726,617,1848,1000,8180,3728.0,11298,70,1,1,1.0,1000,6,5,true,22
726,618,1851,1000,8183,3734.0,11317,70,1,1,1.0,1000,6,5,true,22
726,619,1854,1000,8186,3740.0,11332,70,1,1,1.0,1000,6,5,true,22
726,620,1857,1000,8189,3746.0,11347,70,1,1,1.0,1000,6,5,true,22
726,621,1860,1000,8192,3752.0,11359,70,1,1,1.0,1000,6,5,true,22
726,622,1863,1000,8195,3758.0,11372,70,1,1,1.0,1000,6,5,true,22
726,623,1866,1000,8198,3764.0,11386,70,1,1,1.0,1000,6,5,true,22
726,624,1869,1000,8201,3770.0,11404,70,1,1,1.0,1000,6,5,true,22
726,625,1872,1000,8204,3776.0,11413,70,1,1,1.0,1000,6,5,true,22
726,626,1875,1000,8207,3782.0,11422,70,1,1,1.0,1000,6,5,true,22
726,627,1878,1000,8210,3788.0,11437,70,1,1,1.0,1000,6,5,true,22
726,628,1881,1000,8213,3794.0,11452,70,1,1,1.0,1000,6,5,true,22
726,629,1884,1000,8216,3800.0,11473,70,1,1,1.0,1000,6,5,true,22
726,630,1887,1000,8219,3806.0,11484,70,1,1,1.0,1000,6,5,true,22
726,631,1890,1000,8222,3812.0,11502,70,1,1,1.0,1000,6,5,true,22
726,632,1893,1000,8225,3818.0,11515,70,1,1,1.0,1000,6,5,true,22
726,633,1896,1000,8228,3824.0,11529,70,1,1,1.0,1000,6,5,true,22
726,634,1899,1000,8231,3830.0,11545,70,1,1,1.0,1000,6,5,true,22
726,635,1902,1000,8234,3836.0,11554,70,1,1,1.0,1000,6,5,true,22
726,636,1905,1000,8237,3842.0,11571,70,1,1,1.0,1000,6,5,true,22
726,637,1908,1000,8240,3848.0,11589,70,1,1,1.0,1000,6,5,true,22
726,638,1911,1000,8243,3854.0,11602,70,1,1,1.0,1000,6,5,true,22
726,639,1914,1000,8246,3860.0,11618,70,1,1,1.0,1000,6,5,true,22
726,640,1917,1000,8249,3866.0,11629,70,1,1,1.0,1000,6,5,true,22
726,641,1920,1000,8252,3872.0,11641,70,1,1,1.0,1000,6,5,true,22
726,642,1923,1000,8255,3878.0,11650,70,1,1,1.0,1000,6,5,true,22
726,643,1926,1000,8258,3884.0,11662,70,1,1,1.0,1000,6,5,true,22
726,644,1929,1000,8261,3890.0,11675,70,1,1,1.0,1000,6,5,true,22
726,645,1932,1000,8264,3896.0,11688,70,1,1,1.0,1000,6,5,true,22
726,646,1935,1000,8267,3902.0,11701,70,1,1,1.0,1000,6,5,true,22
726,647,1938,1000,8270,3908.0,11712,70,1,1,1.0,1000,6,5,true,22
726,648,1941,1000,8273,3914.0,11724,70,1,1,1.0,1000,6,5,true,22
726,649,1944,1000,8276,3920.0,11736,70,1,1,1.0,1000,6,5,true,22
726,650,1947,1000,8279,3926.0,11746,70,1,1,1.0,1000,6,5,true,22
726,651,1950,1000,8282,3932.0,11769,70,1,1,1.0,1000,6,5,true,22
726,652,1953,1000,9705,3940.0,11778,70,1,1,1.0,1000,6,5,true,22
726,653,1956,1000,9708,3946.0,11787,70,1,1,1.0,1000,6,5,true,22
726,654,1959,1000,9711,3952.0,11798,70,1,1,1.0,1000,6,5,true,22
726,655,1962,1000,9714,3958.0,11808,70,1,1,1.0,1000,6,5,true,22
726,656,1965,1000,9717,3964.0,11821,70,1,1,1.0,1000,6,5,true,22
726,657,1968,1000,9720,3970.0,11831,70,1,1,1.0,1000,6,5,true,22
726,658,1971,1000,9723,3976.0,11848,70,1,1,1.0,1000,6,5,true,22
726,659,1974,1000,9726,3982.0,11866,70,1,1,1.0,1000,6,5,true,22
726,660,1977,1000,9729,3988.0,11872,70,1,1,1.0,1000,6,5,true,22
726,661,1980,1000,9732,3994.0,11883,70,1,1,1.0,1000,6,5,true,22
726,662,1983,1000,9735,4000.0,11899,70,1,1,1.0,1000,6,5,true,22
726,663,1986,1000,9738,4006.0,11910,70,1,1,1.0,1000,6,5,true,22
726,664,1989,1000,9741,4012.0,11923,70,1,1,1.0,1000,6,5,true,22
726,665,1992,1000,9744,4018.0,11939,70,1,1,1.0,1000,6,5,true,22
726,666,1995,1000,9747,4024.0,11952,70,1,1,1.0,1000,6,5,true,22
726,667,1998,1000,9750,4030.0,11965,70,1,1,1.0,1000,6,5,true,22
726,668,2001,1000,9753,4036.0,11978,70,1,1,1.0,1000,6,5,true,22
726,669,2004,1000,9756,4042.0,11986,70,1,1,1.0,1000,6,5,true,22
726,670,2007,1000,9759,4048.0,11996,70,1,1,1.0,1000,6,5,true,22
726,671,2010,1000,10040,4054.0,12006,70,1,1,1.0,1000,6,5,true,22
726,672,2013,1000,10043,4060.0,12018,70,1,1,1.0,1000,6,5,true,22
726,673,2016,1000,10046,4066.0,12034,70,1,1,1.0,1000,6,5,true,22
726,674,2019,1000,10049,4072.0,12047,70,1,1,1.0,1000,6,5,true,22
726,675,2022,1000,10052,4078.0,12058,70,1,1,1.0,1000,6,5,true,22
726,676,2025,1000,10055,4084.0,12066,70,1,1,1.0,1000,6,5,true,22
726,677,2028,1000,10058,4090.0,12072,70,1,1,1.0,1000,6,5,true,22
726,678,2031,1000,10061,4096.0,12086,70,1,1,1.0,1000,6,5,true,22
726,679,2034,1000,10064,4102.0,12095,70,1,1,1.0,1000,6,5,true,22
726,680,2037,1000,10067,4108.0,12106,70,1,1,1.0,1000,6,5,true,22
726,681,2040,1000,10070,4114.0,12114,70,1,1,1.0,1000,6,5,true,22
726,682,2043,1000,10073,4120.0,12124,70,1,1,1.0,1000,6,5,true,22
726,683,2046,1000,10076,4126.0,12129,70,1,1,1.0,1000,6,5,true,22
726,684,2049,1000,10079,4132.0,12137,70,1,1,1.0,1000,6,5,true,22
726,685,2052,1000,10082,4138.0,12154,70,1,1,1.0,1000,6,5,true,22
726,686,2055,1000,10085,4144.0,12163,70,1,1,1.0,1000,6,5,true,22
726,687,2058,1000,10088,4150.0,12175,70,1,1,1.0,1000,6,5,true,22
726,688,2061,1000,10091,4156.0,12186,70,1,1,1.0,1000,6,5,true,22
726,689,2064,1000,10094,4162.0,12205,70,1,1,1.0,1000,6,5,true,22
726,690,2067,1000,10097,4168.0,12225,70,1,1,1.0,1000,6,5,true,22
726,691,2070,1000,10100,4174.0,12235,70,1,1,1.0,1000,6,5,true,22
726,692,2073,1000,10103,4180.0,12248,70,1,1,1.0,1000,6,5,true,22
726,693,2076,1000,10330,4186.0,12258,70,1,1,1.0,1000,6,5,true,22
726,694,2079,1000,10333,4192.0,12270,70,1,1,1.0,1000,6,5,true,22
726,695,2082,1000,10336,4198.0,12283,70,1,1,1.0,1000,6,5,true,22
726,696,2085,1000,10339,4204.0,12291,70,1,1,1.0,1000,6,5,true,22
726,697,2088,1000,10342,4210.0,12307,70,1,1,1.0,1000,6,5,true,22
726,698,2091,1000,10345,4216.0,12315,70,1,1,1.0,1000,6,5,true,22
726,699,2094,1000,10348,4222.0,12326,70,1,1,1.0,1000,6,5,true,22
726,700,2097,1000,10351,4228.0,12338,70,1,1,1.0,1000,6,5,true,22
726,701,2100,1000,10354,4234.0,12354,70,1,1,1.0,1000,6,5,true,22
726,702,2103,1000,10357,4240.0,12364,70,1,1,1.0,1000,6,5,true,22
726,703,2106,1000,10360,4246.0,12377,70,1,1,1.0,1000,6,5,true,22
726,704,2109,1000,10363,4252.0,12384,70,1,1,1.0,1000,6,5,true,22
726,705,2112,1000,10366,4258.0,12398,70,1,1,1.0,1000,6,5,true,22
726,706,2115,1000,10369,4264.0,12412,70,1,1,1.0,1000,6,5,true,22
726,707,2118,1000,10372,4270.0,12421,70,1,1,1.0,1000,6,5,true,22
726,708,2121,1000,10375,4276.0,12429,70,1,1,1.0,1000,6,5,true,22
726,709,2124,1000,10378,4282.0,12442,70,1,1,1.0,1000,6,5,true,22
726,710,2127,1000,10381,4288.0,12452,70,1,1,1.0,1000,6,5,true,22
726,711,2130,1000,10384,4294.0,12464,70,1,1,1.0,1000,6,5,true,22
726,712,2133,1000,10387,4300.0,12477,70,1,1,1.0,1000,6,5,true,22
726,713,2136,1000,10390,4306.0,12488,70,1,1,1.0,1000,6,5,true,22
726,714,2138,1000,10392,4310.0,12495,70,1,1,1.0,1000,6,5,true,22
726,715,2141,1000,10395,4316.0,12503,70,1,1,1.0,1000,6,5,true,22
726,716,2145,1000,10399,4324.0,12518,70,1,1,1.0,1000,6,5,true,22
726,717,2148,1000,10402,4330.0,12531,70,1,1,1.0,1000,6,5,true,22
726,718,2151,1000,10405,4336.0,12540,70,1,1,1.0,1000,6,5,true,22
726,719,2154,1000,10408,4342.0,12552,70,1,1,1.0,1000,6,5,true,22
726,720,2157,1000,10411,4348.0,12567,70,1,1,1.0,1000,6,5,true,22
726,721,2160,1000,10414,4354.0,12584,70,1,1,1.0,1000,6,5,true,22
726,722,2163,1000,10417,4360.0,12600,70,1,1,1.0,1000,6,5,true,22
726,723,2166,1000,10420,4366.0,12617,70,1,1,1.0,1000,6,5,true,22
726,724,2169,1000,10423,4372.0,12634,70,1,1,1.0,1000,6,5,true,22
726,725,2172,1000,10426,4378.0,12645,70,1,1,1.0,1000,6,5,true,22
726,726,2175,1000,10429,4384.0,12658,70,1,1,1.0,1000,6,5,true,22
726,727,2178,1000,10432,4390.0,12675,70,1,1,1.0,1000,6,5,true,22
726,728,2181,1000,10435,4396.0,12682,70,1,1,1.0,1000,6,5,true,22
726,729,2184,1000,10438,4402.0,12696,70,1,1,1.0,1000,6,5,true,22
726,730,2187,1000,10441,4408.0,12715,70,1,1,1.0,1000,6,5,true,22
726,731,2189,1000,10443,4412.0,12723,70,1,1,1.0,1000,6,5,true,22
726,732,2192,1000,10446,4418.0,12731,70,1,1,1.0,1000,6,5,true,22
726,733,2195,1000,10449,4424.0,12743,70,1,1,1.0,1000,6,5,true,22
726,734,2198,1000,10452,4430.0,12752,70,1,1,1.0,1000,6,5,true,22
726,735,2201,1000,10455,4436.0,12763,70,1,1,1.0,1000,6,5,true,22
726,736,2204,1000,10458,4442.0,12777,70,1,1,1.0,1000,6,5,true,22
726,737,2207,1000,10461,4448.0,12787,70,1,1,1.0,1000,6,5,true,22
726,738,2210,1000,10464,4454.0,12804,70,1,1,1.0,1000,6,5,true,22
726,739,2213,1000,11065,4460.0,12814,70,1,1,1.0,1000,6,5,true,22
726,740,2216,1000,11068,4466.0,12826,70,1,1,1.0,1000,6,5,true,22
726,741,2219,1000,11071,4472.0,12838,70,1,1,1.0,1000,6,5,true,22
726,742,2222,1000,11074,4478.0,12853,70,1,1,1.0,1000,6,5,true,22
726,743,2225,1000,11077,4484.0,12864,70,1,1,1.0,1000,6,5,true,22
726,744,2228,1000,11080,4490.0,12877,70,1,1,1.0,1000,6,5,true,22
726,745,2231,1000,11083,4496.0,12883,70,1,1,1.0,1000,6,5,true,22
726,746,2234,1000,11086,4502.0,12894,70,1,1,1.0,1000,6,5,true,22
726,747,2237,1000,11089,4508.0,12907,70,1,1,1.0,1000,6,5,true,22
726,748,2240,1000,11092,4514.0,12914,70,1,1,1.0,1000,6,5,true,22
726,749,2243,1000,11203,4522.0,12932,70,1,1,1.0,1000,6,5,true,22
726,750,2246,1000,11206,4528.0,12943,70,1,1,1.0,1000,6,5,true,22
726,751,2249,1000,11209,4534.0,12958,70,1,1,1.0,1000,6,5,true,22
726,752,2252,1000,11212,4540.0,12978,70,1,1,1.0,1000,6,5,true,22
726,753,2255,1000,11215,4546.0,12996,70,1,1,1.0,1000,6,5,true,22
726,754,2258,1000,11218,4552.0,13005,70,1,1,1.0,1000,6,5,true,22
726,755,2261,1000,11221,4558.0,13016,70,1,1,1.0,1000,6,5,true,22
726,756,2264,1000,11306,4564.0,13026,70,1,1,1.0,1000,6,5,true,22
726,757,2267,1000,11309,4570.0,13036,70,1,1,1.0,1000,6,5,true,22
726,758,2270,1000,11312,4576.0,13046,70,1,1,1.0,1000,6,5,true,22
726,759,2273,1000,11315,4582.0,13054,70,1,1,1.0,1000,6,5,true,22
726,760,2276,1000,11318,4588.0,13066,70,1,1,1.0,1000,6,5,true,22
726,761,2279,1000,11321,4594.0,13080,70,1,1,1.0,1000,6,5,true,22
726,762,2282,1000,11324,4600.0,13091,70,1,1,1.0,1000,6,5,true,22
726,763,2285,1000,11403,4608.0,13103,70,1,1,1.0,1000,6,5,true,22
726,764,2288,1000,11406,4614.0,13114,70,1,1,1.0,1000,6,5,true,22
726,765,2291,1000,11409,4620.0,13121,70,1,1,1.0,1000,6,5,true,22
726,766,2294,1000,11412,4626.0,13135,70,1,1,1.0,1000,6,5,true,22
726,767,2297,1000,11415,4632.0,13153,70,1,1,1.0,1000,6,5,true,22
726,768,2300,1000,11418,4638.0,13160,70,1,1,1.0,1000,6,5,true,22
726,769,2303,1000,11421,4644.0,13174,70,1,1,1.0,1000,6,5,true,22
726,770,2305,1000,11423,4648.0,13190,70,1,1,1.0,1000,6,5,true,22
726,771,2308,1000,11426,4654.0,13202,70,1,1,1.0,1000,6,5,true,22
726,772,2311,1000,11429,4660.0,13215,70,1,1,1.0,1000,6,5,true,22
726,773,2314,1000,11432,4666.0,13229,70,1,1,1.0,1000,6,5,true,22
726,774,2317,1000,11435,4672.0,13248,70,1,1,1.0,1000,6,5,true,22
726,775,2320,1000,11438,4678.0,13252,70,1,1,1.0,1000,6,5,true,22
726,776,2323,1000,11441,4684.0,13266,70,1,1,1.0,1000,6,5,true,22
726,777,2326,1000,11615,4690.0,13269,70,1,1,1.0,1000,6,5,true,22
726,778,2329,1000,11618,4696.0,13286,70,1,1,1.0,1000,6,5,true,22
726,779,2332,1000,11621,4702.0,13307,70,1,1,1.0,1000,6,5,true,22
726,780,2335,1000,11624,4708.0,13322,70,1,1,1.0,1000,6,5,true,22
726,781,2338,1000,11627,4714.0,13339,70,1,1,1.0,1000,6,5,true,22
726,782,2341,1000,11630,4720.0,13352,70,1,1,1.0,1000,6,5,true,22
726,783,2344,1000,11633,4726.0,13364,70,1,1,1.0,1000,6,5,true,22
726,784,2347,1000,11636,4732.0,13380,70,1,1,1.0,1000,6,5,true,22
726,785,2350,1000,11639,4738.0,13391,70,1,1,1.0,1000,6,5,true,22
726,786,2353,1000,11642,4744.0,13404,70,1,1,1.0,1000,6,5,true,22
726,787,2357,1000,11646,4752.0,13430,70,1,1,1.0,1000,6,5,true,22
726,788,2360,1000,11649,4758.0,13441,70,1,1,1.0,1000,6,5,true,22
726,789,2363,1000,11652,4764.0,13452,70,1,1,1.0,1000,6,5,true,22
726,790,2366,1000,11655,4770.0,13460,70,1,1,1.0,1000,6,5,true,22
726,791,2369,1000,11658,4776.0,13468,70,1,1,1.0,1000,6,5,true,22
726,792,2372,1000,11661,4782.0,13480,70,1,1,1.0,1000,6,5,true,22
726,793,2375,1000,11664,4788.0,13500,70,1,1,1.0,1000,6,5,true,22
726,795,2381,1000,11670,4800.0,13521,70,1,1,1.0,1000,6,5,true,22
726,795,2381,1000,11670,4800.0,13521,70,1,1,1.0,1000,6,5,true,22
726,796,2384,1000,11673,4806.0,13536,70,1,1,1.0,1000,6,5,true,22
726,797,2387,1000,11676,4812.0,13553,70,1,1,1.0,1000,6,5,true,22
726,798,2390,1000,11679,4818.0,13569,70,1,1,1.0,1000,6,5,true,22
726,799,2393,1000,11682,4824.0,13580,70,1,1,1.0,1000,6,5,true,22
726,800,2396,1000,11685,4830.0,13594,70,1,1,1.0,1000,6,5,true,22
726,801,2399,1000,11688,4836.0,13606,70,1,1,1.0,1000,6,5,true,22
726,802,2402,1000,11691,4842.0,13628,70,1,1,1.0,1000,6,5,true,22
726,803,2405,1000,11694,4848.0,13640,70,1,1,1.0,1000,6,5,true,22
726,804,2408,1000,11697,4854.0,13650,70,1,1,1.0,1000,6,5,true,22
726,805,2411,1000,11700,4860.0,13660,70,1,1,1.0,1000,6,5,true,22
726,806,2414,1000,11703,4866.0,13668,70,1,1,1.0,1000,6,5,true,22
726,807,2417,1000,11706,4872.0,13683,70,1,1,1.0,1000,6,5,true,22
726,808,2420,1000,11709,4878.0,13695,70,1,1,1.0,1000,6,5,true,22
726,809,2423,1000,11712,4884.0,13710,70,1,1,1.0,1000,6,5,true,22
726,810,2426,1000,11715,4890.0,13723,70,1,1,1.0,1000,6,5,true,22
726,811,2429,1000,11718,4896.0,13740,70,1,1,1.0,1000,6,5,true,22
726,812,2432,1000,11721,4902.0,13744,70,1,1,1.0,1000,6,5,true,22
726,813,2435,1000,11724,4908.0,13759,70,1,1,1.0,1000,6,5,true,22
726,814,2438,1000,11727,4914.0,13771,70,1,1,1.0,1000,6,5,true,22
726,815,2441,1000,11730,4920.0,13780,70,1,1,1.0,1000,6,5,true,22
726,816,2444,1000,11733,4926.0,13787,70,1,1,1.0,1000,6,5,true,22
726,817,2447,1000,11736,4932.0,13798,70,1,1,1.0,1000,6,5,true,22
726,818,2450,1000,11739,4938.0,13812,70,1,1,1.0,1000,6,5,true,22
726,819,2453,1000,11742,4944.0,13823,70,1,1,1.0,1000,6,5,true,22
726,820,2456,1000,11745,4950.0,13836,70,1,1,1.0,1000,6,5,true,22
726,821,2459,1000,11748,4956.0,13843,70,1,1,1.0,1000,6,5,true,22
726,822,2462,1000,11751,4962.0,13855,70,1,1,1.0,1000,6,5,true,22
726,823,2465,1000,11754,4968.0,13876,70,1,1,1.0,1000,6,5,true,22
726,824,2468,1000,11757,4974.0,13888,70,1,1,1.0,1000,6,5,true,22
726,825,2471,1000,11760,4980.0,13901,70,1,1,1.0,1000,6,5,true,22
726,826,2474,1000,11763,4986.0,13911,70,1,1,1.0,1000,6,5,true,22
726,827,2477,1000,11766,4992.0,13921,70,1,1,1.0,1000,6,5,true,22
726,828,2480,1000,11769,4998.0,13932,70,1,1,1.0,1000,6,5,true,22
726,829,2483,1000,11772,5004.0,13943,70,1,1,1.0,1000,6,5,true,22
726,830,2486,1000,11775,5010.0,13954,70,1,1,1.0,1000,6,5,true,22
726,831,2489,1000,11778,5016.0,13971,70,1,1,1.0,1000,6,5,true,22
726,832,2492,1000,11781,5022.0,13984,70,1,1,1.0,1000,6,5,true,22
726,833,2495,1000,11784,5028.0,13996,70,1,1,1.0,1000,6,5,true,22
726,834,2498,1000,11787,5034.0,14004,70,1,1,1.0,1000,6,5,true,22
726,835,2501,1000,11790,5040.0,14016,70,1,1,1.0,1000,6,5,true,22
726,836,2504,1000,11793,5046.0,14032,70,1,1,1.0,1000,6,5,true,22
726,837,2507,1000,11796,5052.0,14047,70,1,1,1.0,1000,6,5,true,22
726,838,2510,1000,12506,5058.0,14059,70,1,1,1.0,1000,6,5,true,22
726,839,2513,1000,12509,5064.0,14073,70,1,1,1.0,1000,6,5,true,22
726,840,2516,1000,12512,5070.0,14086,70,1,1,1.0,1000,6,5,true,22
726,841,2519,1000,12515,5076.0,14100,70,1,1,1.0,1000,6,5,true,22
726,842,2522,1000,12518,5082.0,14110,70,1,1,1.0,1000,6,5,true,22
726,843,2525,1000,12521,5088.0,14121,70,1,1,1.0,1000,6,5,true,22
726,844,2528,1000,12524,5094.0,14136,70,1,1,1.0,1000,6,5,true,22
726,845,2531,1000,12527,5100.0,14148,70,1,1,1.0,1000,6,5,true,22
726,846,2534,1000,12530,5106.0,14163,70,1,1,1.0,1000,6,5,true,22
726,847,2537,1000,12533,5112.0,14172,70,1,1,1.0,1000,6,5,true,22
726,848,2540,1000,12536,5118.0,14178,70,1,1,1.0,1000,6,5,true,22
726,849,2543,1000,12539,5124.0,14185,70,1,1,1.0,1000,6,5,true,22
726,850,2546,1000,12542,5130.0,14204,70,1,1,1.0,1000,6,5,true,22
726,851,2549,1000,12545,5136.0,14217,70,1,1,1.0,1000,6,5,true,22
726,852,2552,1000,12548,5142.0,14234,70,1,1,1.0,1000,6,5,true,22
726,853,2555,1000,12746,5148.0,14240,70,1,1,1.0,1000,6,5,true,22
726,854,2558,1000,12749,5154.0,14252,70,1,1,1.0,1000,6,5,true,22
726,855,2561,1000,12752,5160.0,14264,70,1,1,1.0,1000,6,5,true,22
726,856,2564,1000,12825,5166.0,14272,70,1,1,1.0,1000,6,5,true,22
726,857,2567,1000,12828,5172.0,14284,70,1,1,1.0,1000,6,5,true,22
726,858,2570,1000,12831,5178.0,14299,70,1,1,1.0,1000,6,5,true,22
726,860,2576,1000,12837,5190.0,14324,70,1,1,1.0,1000,6,5,true,22
726,860,2576,1000,12837,5190.0,14324,70,1,1,1.0,1000,6,5,true,22
726,861,2578,1000,12839,5194.0,14331,70,1,1,1.0,1000,6,5,true,22
726,862,2581,1000,12842,5200.0,14344,70,1,1,1.0,1000,6,5,true,22
726,863,2584,1000,12845,5206.0,14357,70,1,1,1.0,1000,6,5,true,22
726,864,2587,1000,12848,5212.0,14366,70,1,1,1.0,1000,6,5,true,22
726,865,2590,1000,12851,5218.0,14378,70,1,1,1.0,1000,6,5,true,22
726,866,2593,1000,12854,5224.0,14391,70,1,1,1.0,1000,6,5,true,22
726,867,2596,1000,12857,5230.0,14407,70,1,1,1.0,1000,6,5,true,22
726,868,2599,1000,12860,5236.0,14420,70,1,1,1.0,1000,6,5,true,22
726,869,2602,1000,12863,5242.0,14434,70,1,1,1.0,1000,6,5,true,22
726,871,2608,1000,12869,5254.0,14454,70,1,1,1.0,1000,6,5,true,22
726,871,2608,1000,12869,5254.0,14454,70,1,1,1.0,1000,6,5,true,22
726,872,2611,1000,12872,5260.0,14473,70,1,1,1.0,1000,6,5,true,22
726,873,2614,1000,12875,5266.0,14486,70,1,1,1.0,1000,6,5,true,22
726,874,2617,1000,12878,5272.0,14503,70,1,1,1.0,1000,6,5,true,22
726,875,2620,1000,12881,5278.0,14514,70,1,1,1.0,1000,6,5,true,22
726,876,2623,1000,12884,5284.0,14522,70,1,1,1.0,1000,6,5,true,22
726,877,2626,1000,12887,5290.0,14537,70,1,1,1.0,1000,6,5,true,22
726,878,2629,1000,12890,5296.0,14544,70,1,1,1.0,1000,6,5,true,22
726,879,2632,1000,12893,5302.0,14554,70,1,1,1.0,1000,6,5,true,22
726,880,2635,1000,12896,5308.0,14561,70,1,1,1.0,1000,6,5,true,22
726,881,2638,1000,12899,5314.0,14577,70,1,1,1.0,1000,6,5,true,22
726,882,2641,1000,12902,5320.0,14589,70,1,1,1.0,1000,6,5,true,22
726,883,2644,1000,12905,5326.0,14603,70,1,1,1.0,1000,6,5,true,22
726,884,2647,1000,12908,5332.0,14618,70,1,1,1.0,1000,6,5,true,22
726,885,2650,1000,12911,5338.0,14633,70,1,1,1.0,1000,6,5,true,22
726,886,2653,1000,12914,5344.0,14644,70,1,1,1.0,1000,6,5,true,22
726,887,2656,1000,12917,5350.0,14652,70,1,1,1.0,1000,6,5,true,22
726,888,2659,1000,12920,5356.0,14661,70,1,1,1.0,1000,6,5,true,22
726,889,2662,1000,12923,5362.0,14671,70,1,1,1.0,1000,6,5,true,22
726,890,2665,1000,12926,5368.0,14684,70,1,1,1.0,1000,6,5,true,22
726,891,2668,1000,12929,5374.0,14696,70,1,1,1.0,1000,6,5,true,22
726,892,2671,1000,12932,5380.0,14707,70,1,1,1.0,1000,6,5,true,22
726,893,2674,1000,12935,5386.0,14719,70,1,1,1.0,1000,6,5,true,22
726,894,2677,1000,12938,5392.0,14731,70,1,1,1.0,1000,6,5,true,22
726,895,2680,1000,12941,5398.0,14747,70,1,1,1.0,1000,6,5,true,22
726,896,2683,1000,13400,5404.0,14758,70,1,1,1.0,1000,6,5,true,22
726,897,2686,1000,13403,5410.0,14765,70,1,1,1.0,1000,6,5,true,22
726,898,2689,1000,13406,5416.0,14782,70,1,1,1.0,1000,6,5,true,22
726,899,2692,1000,13409,5422.0,14793,70,1,1,1.0,1000,6,5,true,22
726,900,2695,1000,13412,5428.0,14810,70,1,1,1.0,1000,6,5,true,22
726,901,2698,1000,13415,5434.0,14828,70,1,1,1.0,1000,6,5,true,22
726,902,2701,1000,13418,5440.0,14841,70,1,1,1.0,1000,6,5,true,22
726,903,2704,1000,13421,5446.0,14847,70,1,1,1.0,1000,6,5,true,22
726,904,2707,1000,13424,5452.0,14860,70,1,1,1.0,1000,6,5,true,22
726,905,2710,1000,13427,5458.0,14878,70,1,1,1.0,1000,6,5,true,22
726,906,2713,1000,13430,5464.0,14892,70,1,1,1.0,1000,6,5,true,22
726,907,2716,1000,13433,5470.0,14902,70,1,1,1.0,1000,6,5,true,22
726,908,2719,1000,13436,5476.0,14909,70,1,1,1.0,1000,6,5,true,22
726,909,2722,1000,13439,5482.0,14919,70,1,1,1.0,1000,6,5,true,22
726,910,2725,1000,13442,5488.0,14933,70,1,1,1.0,1000,6,5,true,22
726,911,2728,1000,13445,5494.0,14942,70,1,1,1.0,1000,6,5,true,22
726,912,2730,1000,13447,5498.0,14952,70,1,1,1.0,1000,6,5,true,22
726,913,2733,1000,13450,5504.0,14966,70,1,1,1.0,1000,6,5,true,22
726,914,2736,1000,13453,5510.0,14979,70,1,1,1.0,1000,6,5,true,22
726,915,2739,1000,13456,5516.0,14991,70,1,1,1.0,1000,6,5,true,22
726,916,2742,1000,13459,5522.0,15006,70,1,1,1.0,1000,6,5,true,22
726,917,2745,1000,13462,5528.0,15025,70,1,1,1.0,1000,6,5,true,22
726,918,2748,1000,13465,5534.0,15038,70,1,1,1.0,1000,6,5,true,22
726,919,2751,1000,13468,5540.0,15048,70,1,1,1.0,1000,6,5,true,22
726,920,2754,1000,13471,5546.0,15058,70,1,1,1.0,1000,6,5,true,22
726,921,2757,1000,13474,5552.0,15074,70,1,1,1.0,1000,6,5,true,22
726,922,2760,1000,13477,5558.0,15080,70,1,1,1.0,1000,6,5,true,22
726,923,2763,1000,13480,5564.0,15088,70,1,1,1.0,1000,6,5,true,22
726,924,2766,1000,13483,5570.0,15099,70,1,1,1.0,1000,6,5,true,22
726,925,2769,1000,13486,5576.0,15110,70,1,1,1.0,1000,6,5,true,22
726,926,2772,1000,13489,5582.0,15120,70,1,1,1.0,1000,6,5,true,22
726,927,2775,1000,13492,5588.0,15124,70,1,1,1.0,1000,6,5,true,22
726,928,2778,1000,13495,5594.0,15142,70,1,1,1.0,1000,6,5,true,22
726,929,2781,1000,13890,5602.0,15161,70,1,1,1.0,1000,6,5,true,22
726,930,2784,1000,13893,5608.0,15173,70,1,1,1.0,1000,6,5,true,22
726,931,2787,1000,13896,5614.0,15186,70,1,1,1.0,1000,6,5,true,22
726,932,2790,1000,13899,5620.0,15198,70,1,1,1.0,1000,6,5,true,22
726,933,2793,1000,13902,5626.0,15211,70,1,1,1.0,1000,6,5,true,22
726,934,2796,1000,13905,5632.0,15222,70,1,1,1.0,1000,6,5,true,22
726,935,2799,1000,13908,5638.0,15236,70,1,1,1.0,1000,6,5,true,22
726,936,2802,1000,13911,5644.0,15249,70,1,1,1.0,1000,6,5,true,22
726,937,2805,1000,13914,5650.0,15256,70,1,1,1.0,1000,6,5,true,22
726,938,2808,1000,13917,5656.0,15266,70,1,1,1.0,1000,6,5,true,22
726,939,2811,1000,14028,5664.0,15276,70,1,1,1.0,1000,6,5,true,22
726,940,2814,1000,14031,5670.0,15290,70,1,1,1.0,1000,6,5,true,22
726,941,2817,1000,14034,5676.0,15305,70,1,1,1.0,1000,6,5,true,22
726,942,2820,1000,14037,5682.0,15315,70,1,1,1.0,1000,6,5,true,22
726,943,2823,1000,14040,5688.0,15325,70,1,1,1.0,1000,6,5,true,22
726,944,2826,1000,14043,5694.0,15339,70,1,1,1.0,1000,6,5,true,22
726,945,2829,1000,14046,5700.0,15352,70,1,1,1.0,1000,6,5,true,22
726,946,2832,1000,14049,5706.0,15362,70,1,1,1.0,1000,6,5,true,22
726,947,2835,1000,14052,5712.0,15376,70,1,1,1.0,1000,6,5,true,22
726,948,2838,1000,14055,5718.0,15390,70,1,1,1.0,1000,6,5,true,22
726,949,2841,1000,14058,5724.0,15410,70,1,1,1.0,1000,6,5,true,22
726,950,2844,1000,14061,5730.0,15425,70,1,1,1.0,1000,6,5,true,22
726,951,2847,1000,14064,5736.0,15444,70,1,1,1.0,1000,6,5,true,22
726,952,2850,1000,14067,5742.0,15452,70,1,1,1.0,1000,6,5,true,22
726,953,2853,1000,14070,5748.0,15467,70,1,1,1.0,1000,6,5,true,22
726,954,2856,1000,14073,5754.0,15479,70,1,1,1.0,1000,6,5,true,22
726,955,2859,1000,14076,5760.0,15485,70,1,1,1.0,1000,6,5,true,22
726,956,2862,1000,14079,5766.0,15493,70,1,1,1.0,1000,6,5,true,22
726,957,2865,1000,14082,5772.0,15506,70,1,1,1.0,1000,6,5,true,22
726,958,2868,1000,14085,5778.0,15516,70,1,1,1.0,1000,6,5,true,22
726,959,2871,1000,14088,5784.0,15529,70,1,1,1.0,1000,6,5,true,22
726,960,2874,1000,14091,5790.0,15538,70,1,1,1.0,1000,6,5,true,22
726,961,2877,1000,14094,5796.0,15555,70,1,1,1.0,1000,6,5,true,22
726,962,2880,1000,14097,5802.0,15566,70,1,1,1.0,1000,6,5,true,22
726,963,2883,1000,14100,5808.0,15577,70,1,1,1.0,1000,6,5,true,22
726,964,2886,1000,14103,5814.0,15584,70,1,1,1.0,1000,6,5,true,22
726,965,2889,1000,14106,5820.0,15594,70,1,1,1.0,1000,6,5,true,22
726,966,2892,1000,14109,5826.0,15607,70,1,1,1.0,1000,6,5,true,22
726,967,2895,1000,14112,5832.0,15616,70,1,1,1.0,1000,6,5,true,22
726,968,2898,1000,14115,5838.0,15633,70,1,1,1.0,1000,6,5,true,22
726,969,2901,1000,14118,5844.0,15643,70,1,1,1.0,1000,6,5,true,22
726,970,2904,1000,14121,5850.0,15653,70,1,1,1.0,1000,6,5,true,22
726,971,2907,1000,14124,5856.0,15663,70,1,1,1.0,1000,6,5,true,22
726,972,2910,1000,14127,5862.0,15677,70,1,1,1.0,1000,6,5,true,22
726,973,2913,1000,14130,5868.0,15693,70,1,1,1.0,1000,6,5,true,22
726,974,2916,1000,14133,5874.0,15707,70,1,1,1.0,1000,6,5,true,22
726,975,2919,1000,14136,5880.0,15719,70,1,1,1.0,1000,6,5,true,22
726,976,2922,1000,14139,5886.0,15735,70,1,1,1.0,1000,6,5,true,22
726,977,2925,1000,14142,5892.0,15752,70,1,1,1.0,1000,6,5,true,22
726,978,2928,1000,14145,5898.0,15768,70,1,1,1.0,1000,6,5,true,22
726,979,2931,1000,14148,5904.0,15784,70,1,1,1.0,1000,6,5,true,22
726,980,2934,1000,14151,5910.0,15794,70,1,1,1.0,1000,6,5,true,22
726,981,2937,1000,14154,5916.0,15807,70,1,1,1.0,1000,6,5,true,22
726,982,2940,1000,14157,5922.0,15820,70,1,1,1.0,1000,6,5,true,22
726,983,2943,1000,14160,5928.0,15834,70,1,1,1.0,1000,6,5,true,22
726,984,2946,1000,14163,5934.0,15848,70,1,1,1.0,1000,6,5,true,22
726,985,2949,1000,14166,5940.0,15863,70,1,1,1.0,1000,6,5,true,22
726,986,2952,1000,14169,5946.0,15868,70,1,1,1.0,1000,6,5,true,22
726,987,2955,1000,14172,5952.0,15878,70,1,1,1.0,1000,6,5,true,22
726,988,2958,1000,14175,5958.0,15895,70,1,1,1.0,1000,6,5,true,22
726,989,2961,1000,14178,5964.0,15914,70,1,1,1.0,1000,6,5,true,22
726,990,2964,1000,14181,5970.0,15921,70,1,1,1.0,1000,6,5,true,22
726,991,2967,1000,14184,5976.0,15930,70,1,1,1.0,1000,6,5,true,22
726,992,2970,1000,14187,5982.0,15938,70,1,1,1.0,1000,6,5,true,22
726,993,2973,1000,14190,5988.0,15946,70,1,1,1.0,1000,6,5,true,22
726,994,2976,1000,14193,5994.0,15962,70,1,1,1.0,1000,6,5,true,22
726,995,2979,1000,14196,6000.0,15979,70,1,1,1.0,1000,6,5,true,22
726,996,2982,1000,14902,6006.0,15987,70,1,1,1.0,1000,6,5,true,22
726,997,2985,1000,14905,6012.0,15997,70,1,1,1.0,1000,6,5,true,22
726,998,2988,1000,14908,6018.0,16006,70,1,1,1.0,1000,6,5,true,22
726,999,2991,1000,14911,6024.0,16016,70,1,1,1.0,1000,6,5,true,22
726,1000,2994,1000,14914,6030.0,16030,70,1,1,1.0,1000,6,5,true,22
726,1001,2997,1000,14917,6036.0,16042,70,1,1,1.0,1000,6,5,true,22
726,1002,3000,1000,14920,6042.0,16055,70,1,1,1.0,1000,6,5,true,22
726,1003,3003,1000,14923,6048.0,16063,70,1,1,1.0,1000,6,5,true,22
726,1004,3006,1000,14926,6054.0,16074,70,1,1,1.0,1000,6,5,true,22
726,1005,3009,1000,14929,6060.0,16089,70,1,1,1.0,1000,6,5,true,22
726,1006,3011,1000,14931,6064.0,16102,70,1,1,1.0,1000,6,5,true,22
726,1007,3014,1000,14934,6070.0,16115,70,1,1,1.0,1000,6,5,true,22
726,1008,3017,1000,14937,6076.0,16129,70,1,1,1.0,1000,6,5,true,22
726,1009,3020,1000,14940,6082.0,16143,70,1,1,1.0,1000,6,5,true,22
726,1010,3023,1000,14943,6088.0,16155,70,1,1,1.0,1000,6,5,true,22
726,1011,3026,1000,14946,6094.0,16175,70,1,1,1.0,1000,6,5,true,22
726,1012,3029,1000,15125,6100.0,16185,70,1,1,1.0,1000,6,5,true,22
726,1013,3032,1000,15128,6106.0,16195,70,1,1,1.0,1000,6,5,true,22
726,1014,3035,1000,15131,6112.0,16209,70,1,1,1.0,1000,6,5,true,22
726,1015,3038,1000,15134,6118.0,16222,70,1,1,1.0,1000,6,5,true,22
726,1016,3041,1000,15137,6124.0,16225,70,1,1,1.0,1000,6,5,true,22
726,1017,3044,1000,15140,6130.0,16234,70,1,1,1.0,1000,6,5,true,22
726,1018,3047,1000,15215,6138.0,16248,70,1,1,1.0,1000,6,5,true,22
726,1019,3050,1000,15218,6144.0,16257,70,1,1,1.0,1000,6,5,true,22
726,1020,3053,1000,15221,6150.0,16269,70,1,1,1.0,1000,6,5,true,22
726,1021,3056,1000,15224,6156.0,16278,70,1,1,1.0,1000,6,5,true,22
726,1022,3059,1000,15227,6162.0,16296,70,1,1,1.0,1000,6,5,true,22
726,1023,3062,1000,15230,6168.0,16306,70,1,1,1.0,1000,6,5,true,22
726,1024,3065,1000,15233,6174.0,16315,70,1,1,1.0,1000,6,5,true,22
726,1025,3068,1000,15236,6180.0,16331,70,1,1,1.0,1000,6,5,true,22
726,1026,3071,1000,15239,6186.0,16349,70,1,1,1.0,1000,6,5,true,22
726,1027,3074,1000,15242,6192.0,16358,70,1,1,1.0,1000,6,5,true,22
726,1028,3077,1000,15245,6198.0,16369,70,1,1,1.0,1000,6,5,true,22
726,1029,3080,1000,15248,6204.0,16383,70,1,1,1.0,1000,6,5,true,22
726,1030,3083,1000,15251,6210.0,16395,70,1,1,1.0,1000,6,5,true,22
726,1031,3086,1000,15254,6216.0,16407,70,1,1,1.0,1000,6,5,true,22
726,1032,3088,1000,15256,6220.0,16413,70,1,1,1.0,1000,6,5,true,22
726,1033,3090,1000,15258,6224.0,16420,70,1,1,1.0,1000,6,5,true,22
726,1034,3093,1000,15261,6230.0,16432,70,1,1,1.0,1000,6,5,true,22
726,1035,3096,1000,15264,6236.0,16437,70,1,1,1.0,1000,6,5,true,22
726,1036,3099,1000,15267,6242.0,16451,70,1,1,1.0,1000,6,5,true,22
726,1037,3102,1000,15270,6248.0,16464,70,1,1,1.0,1000,6,5,true,22
726,1038,3105,1000,15273,6254.0,16478,70,1,1,1.0,1000,6,5,true,22
726,1039,3108,1000,15276,6260.0,16487,70,1,1,1.0,1000,6,5,true,22
726,1040,3111,1000,15279,6266.0,16500,70,1,1,1.0,1000,6,5,true,22
726,1041,3115,1000,15283,6274.0,16515,70,1,1,1.0,1000,6,5,true,22
726,1042,3118,1000,15286,6280.0,16528,70,1,1,1.0,1000,6,5,true,22
726,1043,3121,1000,15289,6286.0,16542,70,1,1,1.0,1000,6,5,true,22
726,1044,3124,1000,15292,6292.0,16557,70,1,1,1.0,1000,6,5,true,22
726,1045,3127,1000,15295,6298.0,16574,70,1,1,1.0,1000,6,5,true,22
726,1046,3130,1000,15298,6304.0,16587,70,1,1,1.0,1000,6,5,true,22
726,1047,3133,1000,15301,6310.0,16603,70,1,1,1.0,1000,6,5,true,22
726,1048,3136,1000,15304,6316.0,16612,70,1,1,1.0,1000,6,5,true,22
726,1049,3139,1000,15307,6322.0,16623,70,1,1,1.0,1000,6,5,true,22
726,1050,3142,1000,15310,6328.0,16634,70,1,1,1.0,1000,6,5,true,22
726,1051,3145,1000,15313,6334.0,16645,70,1,1,1.0,1000,6,5,true,22
726,1052,3148,1000,15316,6340.0,16662,70,1,1,1.0,1000,6,5,true,22
726,1053,3151,1000,15319,6346.0,16675,70,1,1,1.0,1000,6,5,true,22
726,1054,3154,1000,15322,6352.0,16682,70,1,1,1.0,1000,6,5,true,22
726,1055,3157,1000,15325,6358.0,16693,70,1,1,1.0,1000,6,5,true,22
726,1056,3160,1000,15328,6364.0,16707,70,1,1,1.0,1000,6,5,true,22
726,1057,3163,1000,15331,6370.0,16722,70,1,1,1.0,1000,6,5,true,22
726,1058,3166,1000,15334,6376.0,16737,70,1,1,1.0,1000,6,5,true,22
726,1059,3169,1000,15337,6382.0,16755,70,1,1,1.0,1000,6,5,true,22
726,1060,3172,1000,15340,6388.0,16776,70,1,1,1.0,1000,6,5,true,22
726,1061,3175,1000,15343,6394.0,16793,70,1,1,1.0,1000,6,5,true,22
726,1062,3178,1000,15346,6400.0,16806,70,1,1,1.0,1000,6,5,true,22
726,1063,3181,1000,15349,6406.0,16824,70,1,1,1.0,1000,6,5,true,22
726,1064,3184,1000,15352,6412.0,16834,70,1,1,1.0,1000,6,5,true,22
726,1065,3187,1000,15355,6418.0,16849,70,1,1,1.0,1000,6,5,true,22
726,1066,3190,1000,15358,6424.0,16865,70,1,1,1.0,1000,6,5,true,22
726,1067,3193,1000,15361,6430.0,16882,70,1,1,1.0,1000,6,5,true,22
726,1068,3196,1000,15364,6436.0,16890,70,1,1,1.0,1000,6,5,true,22
726,1069,3199,1000,15367,6442.0,16895,70,1,1,1.0,1000,6,5,true,22
726,1070,3202,1000,15370,6448.0,16906,70,1,1,1.0,1000,6,5,true,22
726,1071,3205,1000,15373,6454.0,16920,70,1,1,1.0,1000,6,5,true,22
726,1072,3208,1000,15376,6460.0,16931,70,1,1,1.0,1000,6,5,true,22
726,1073,3211,1000,15379,6466.0,16942,70,1,1,1.0,1000,6,5,true,22
726,1074,3214,1000,15382,6472.0,16956,70,1,1,1.0,1000,6,5,true,22
726,1075,3217,1000,15385,6478.0,16972,70,1,1,1.0,1000,6,5,true,22
726,1076,3220,1000,15388,6484.0,16982,70,1,1,1.0,1000,6,5,true,22
726,1077,3223,1000,15391,6490.0,16993,70,1,1,1.0,1000,6,5,true,22
726,1078,3226,1000,15394,6496.0,17002,70,1,1,1.0,1000,6,5,true,22
726,1079,3229,1000,15397,6502.0,17021,70,1,1,1.0,1000,6,5,true,22
726,1080,3232,1000,15400,6508.0,17037,70,1,1,1.0,1000,6,5,true,22
726,1081,3235,1000,15403,6514.0,17047,70,1,1,1.0,1000,6,5,true,22
726,1082,3238,1000,15406,6520.0,17060,70,1,1,1.0,1000,6,5,true,22
726,1083,3241,1000,15409,6526.0,17076,70,1,1,1.0,1000,6,5,true,22
726,1084,3244,1000,16190,6532.0,17086,70,1,1,1.0,1000,6,5,true,22
726,1085,3247,1000,16193,6538.0,17102,70,1,1,1.0,1000,6,5,true,22
726,1086,3250,1000,16196,6544.0,17120,70,1,1,1.0,1000,6,5,true,22
726,1087,3253,1000,16199,6550.0,17135,70,1,1,1.0,1000,6,5,true,22
726,1088,3256,1000,16202,6556.0,17146,70,1,1,1.0,1000,6,5,true,22
726,1089,3259,1000,16205,6562.0,17157,70,1,1,1.0,1000,6,5,true,22
726,1090,3262,1000,16208,6568.0,17173,70,1,1,1.0,1000,6,5,true,22
726,1091,3265,1000,16211,6574.0,17184,70,1,1,1.0,1000,6,5,true,22
726,1092,3268,1000,16214,6580.0,17191,70,1,1,1.0,1000,6,5,true,22
726,1093,3271,1000,16217,6586.0,17198,70,1,1,1.0,1000,6,5,true,22
726,1094,3274,1000,16220,6592.0,17204,70,1,1,1.0,1000,6,5,true,22
726,1095,3277,1000,16223,6598.0,17217,70,1,1,1.0,1000,6,5,true,22
726,1096,3280,1000,16226,6604.0,17228,70,1,1,1.0,1000,6,5,true,22
726,1097,3283,1000,16229,6610.0,17239,70,1,1,1.0,1000,6,5,true,22
726,1098,3286,1000,16232,6616.0,17252,70,1,1,1.0,1000,6,5,true,22
726,1099,3289,1000,16235,6622.0,17272,70,1,1,1.0,1000,6,5,true,22
726,1100,3292,1000,16238,6628.0,17283,70,1,1,1.0,1000,6,5,true,22
726,1101,3295,1000,16241,6634.0,17292,70,1,1,1.0,1000,6,5,true,22
726,1102,3298,1000,16244,6640.0,17310,70,1,1,1.0,1000,6,5,true,22
726,1103,3301,1000,16247,6646.0,17330,70,1,1,1.0,1000,6,5,true,22
726,1104,3304,1000,16250,6652.0,17340,70,1,1,1.0,1000,6,5,true,22
726,1105,3307,1000,16253,6658.0,17352,70,1,1,1.0,1000,6,5,true,22
726,1106,3310,1000,16256,6664.0,17363,70,1,1,1.0,1000,6,5,true,22
726,1107,3313,1000,16259,6670.0,17376,70,1,1,1.0,1000,6,5,true,22
726,1108,3316,1000,16262,6676.0,17389,70,1,1,1.0,1000,6,5,true,22
726,1109,3319,1000,16265,6682.0,17400,70,1,1,1.0,1000,6,5,true,22
726,1110,3322,1000,16268,6688.0,17414,70,1,1,1.0,1000,6,5,true,22
726,1111,3325,1000,16583,6696.0,17427,70,1,1,1.0,1000,6,5,true,22
726,1112,3328,1000,16586,6702.0,17440,70,1,1,1.0,1000,6,5,true,22
726,1113,3331,1000,16589,6708.0,17451,70,1,1,1.0,1000,6,5,true,22
726,1114,3334,1000,16592,6714.0,17464,70,1,1,1.0,1000,6,5,true,22
726,1115,3337,1000,16595,6720.0,17478,70,1,1,1.0,1000,6,5,true,22
726,1116,3340,1000,16598,6726.0,17494,70,1,1,1.0,1000,6,5,true,22
726,1117,3343,1000,16601,6732.0,17506,70,1,1,1.0,1000,6,5,true,22
726,1118,3346,1000,16604,6738.0,17516,70,1,1,1.0,1000,6,5,true,22
726,1119,3349,1000,16607,6744.0,17526,70,1,1,1.0,1000,6,5,true,22
726,1120,3352,1000,16610,6750.0,17534,70,1,1,1.0,1000,6,5,true,22
726,1121,3355,1000,16613,6756.0,17550,70,1,1,1.0,1000,6,5,true,22
726,1122,3358,1000,16616,6762.0,17563,70,1,1,1.0,1000,6,5,true,22
726,1123,3361,1000,16619,6768.0,17575,70,1,1,1.0,1000,6,5,true,22
726,1124,3364,1000,16622,6774.0,17588,70,1,1,1.0,1000,6,5,true,22
726,1125,3367,1000,16625,6780.0,17599,70,1,1,1.0,1000,6,5,true,22
726,1126,3370,1000,16628,6786.0,17612,70,1,1,1.0,1000,6,5,true,22
726,1127,3373,1000,16631,6792.0,17627,70,1,1,1.0,1000,6,5,true,22
726,1128,3376,1000,16634,6798.0,17636,70,1,1,1.0,1000,6,5,true,22
726,1129,3379,1000,16637,6804.0,17643,70,1,1,1.0,1000,6,5,true,22
726,1130,3382,1000,16640,6810.0,17656,70,1,1,1.0,1000,6,5,true,22
726,1131,3385,1000,16643,6816.0,17669,70,1,1,1.0,1000,6,5,true,22
726,1132,3388,1000,16646,6822.0,17681,70,1,1,1.0,1000,6,5,true,22
726,1133,3391,1000,16649,6828.0,17692,70,1,1,1.0,1000,6,5,true,22
726,1134,3394,1000,16652,6834.0,17705,70,1,1,1.0,1000,6,5,true,22
726,1135,3397,1000,16655,6840.0,17720,70,1,1,1.0,1000,6,5,true,22
726,1136,3400,1000,16658,6846.0,17735,70,1,1,1.0,1000,6,5,true,22
726,1137,3403,1000,16661,6852.0,17742,70,1,1,1.0,1000,6,5,true,22
726,1138,3406,1000,17000,6860.0,17754,70,1,1,1.0,1000,6,5,true,22
726,1139,3409,1000,17003,6866.0,17767,70,1,1,1.0,1000,6,5,true,22
726,1140,3412,1000,17006,6872.0,17782,70,1,1,1.0,1000,6,5,true,22
726,1141,3415,1000,17009,6878.0,17791,70,1,1,1.0,1000,6,5,true,22
726,1142,3418,1000,17012,6884.0,17802,70,1,1,1.0,1000,6,5,true,22
726,1143,3421,1000,17015,6890.0,17813,70,1,1,1.0,1000,6,5,true,22
726,1144,3424,1000,17018,6896.0,17826,70,1,1,1.0,1000,6,5,true,22
726,1145,3427,1000,17021,6902.0,17832,70,1,1,1.0,1000,6,5,true,22
726,1146,3430,1000,17024,6908.0,17846,70,1,1,1.0,1000,6,5,true,22
726,1147,3433,1000,17027,6914.0,17856,70,1,1,1.0,1000,6,5,true,22
726,1148,3436,1000,17030,6920.0,17862,70,1,1,1.0,1000,6,5,true,22
726,1149,3439,1000,17033,6926.0,17868,70,1,1,1.0,1000,6,5,true,22
726,1150,3442,1000,17191,6932.0,17873,70,1,1,1.0,1000,6,5,true,22
726,1151,3445,1000,17194,6938.0,17893,70,1,1,1.0,1000,6,5,true,22
726,1152,3448,1000,17197,6944.0,17903,70,1,1,1.0,1000,6,5,true,22
726,1153,3451,1000,17200,6950.0,17913,70,1,1,1.0,1000,6,5,true,22
726,1154,3454,1000,17203,6956.0,17926,70,1,1,1.0,1000,6,5,true,22
726,1155,3457,1000,17206,6962.0,17939,70,1,1,1.0,1000,6,5,true,22
726,1156,3460,1000,17209,6968.0,17949,70,1,1,1.0,1000,6,5,true,22
726,1157,3463,1000,17212,6974.0,17956,70,1,1,1.0,1000,6,5,true,22
726,1158,3466,1000,17215,6980.0,17966,70,1,1,1.0,1000,6,5,true,22
726,1159,3469,1000,17218,6986.0,17978,70,1,1,1.0,1000,6,5,true,22
726,1160,3472,1000,17221,6992.0,17992,70,1,1,1.0,1000,6,5,true,22
726,1161,3475,1000,17224,6998.0,18005,70,1,1,1.0,1000,6,5,true,22
726,1162,3478,1000,17227,7004.0,18011,70,1,1,1.0,1000,6,5,true,22
726,1163,3481,1000,17230,7010.0,18020,70,1,1,1.0,1000,6,5,true,22
726,1164,3484,1000,17233,7016.0,18039,70,1,1,1.0,1000,6,5,true,22
726,1165,3487,1000,17236,7022.0,18057,70,1,1,1.0,1000,6,5,true,22
726,1166,3490,1000,17239,7028.0,18072,70,1,1,1.0,1000,6,5,true,22
726,1167,3493,1000,17242,7034.0,18091,70,1,1,1.0,1000,6,5,true,22
726,1168,3496,1000,17245,7040.0,18105,70,1,1,1.0,1000,6,5,true,22
726,1169,3499,1000,17248,7046.0,18116,70,1,1,1.0,1000,6,5,true,22
726,1170,3502,1000,17251,7052.0,18134,70,1,1,1.0,1000,6,5,true,22
726,1171,3505,1000,17254,7058.0,18150,70,1,1,1.0,1000,6,5,true,22
726,1172,3508,1000,17257,7064.0,18160,70,1,1,1.0,1000,6,5,true,22
726,1173,3511,1000,17260,7070.0,18171,70,1,1,1.0,1000,6,5,true,22
726,1174,3514,1000,17263,7076.0,18183,70,1,1,1.0,1000,6,5,true,22
726,1175,3517,1000,17266,7082.0,18195,70,1,1,1.0,1000,6,5,true,22
726,1176,3520,1000,17269,7088.0,18204,70,1,1,1.0,1000,6,5,true,22
726,1177,3523,1000,17272,7094.0,18215,70,1,1,1.0,1000,6,5,true,22
726,1178,3526,1000,17275,7100.0,18225,70,1,1,1.0,1000,6,5,true,22
726,1179,3529,1000,17278,7106.0,18232,70,1,1,1.0,1000,6,5,true,22
726,1180,3532,1000,17281,7112.0,18242,70,1,1,1.0,1000,6,5,true,22
726,1181,3535,1000,17284,7118.0,18258,70,1,1,1.0,1000,6,5,true,22
726,1182,3538,1000,17287,7124.0,18270,70,1,1,1.0,1000,6,5,true,22
726,1183,3541,1000,17678,7132.0,18285,70,1,1,1.0,1000,6,5,true,22
726,1184,3544,1000,17681,7138.0,18299,70,1,1,1.0,1000,6,5,true,22
726,1185,3547,1000,17684,7144.0,18309,70,1,1,1.0,1000,6,5,true,22
726,1186,3550,1000,17687,7150.0,18322,70,1,1,1.0,1000,6,5,true,22
726,1187,3553,1000,17690,7156.0,18336,70,1,1,1.0,1000,6,5,true,22
726,1188,3556,1000,17693,7162.0,18350,70,1,1,1.0,1000,6,5,true,22
726,1189,3559,1000,17696,7168.0,18362,70,1,1,1.0,1000,6,5,true,22
726,1190,3562,1000,17699,7174.0,18375,70,1,1,1.0,1000,6,5,true,22
726,1191,3565,1000,17702,7180.0,18390,70,1,1,1.0,1000,6,5,true,22
726,1192,3568,1000,17705,7186.0,18407,70,1,1,1.0,1000,6,5,true,22
726,1193,3571,1000,17708,7192.0,18419,70,1,1,1.0,1000,6,5,true,22
726,1194,3574,1000,17711,7198.0,18430,70,1,1,1.0,1000,6,5,true,22
726,1195,3577,1000,17714,7204.0,18440,70,1,1,1.0,1000,6,5,true,22
726,1196,3580,1000,17717,7210.0,18450,70,1,1,1.0,1000,6,5,true,22
726,1197,3583,1000,17720,7216.0,18460,70,1,1,1.0,1000,6,5,true,22
726,1198,3586,1000,17723,7222.0,18467,70,1,1,1.0,1000,6,5,true,22
726,1199,3589,1000,17726,7228.0,18478,70,1,1,1.0,1000,6,5,true,22
726,1200,3592,1000,17729,7234.0,18494,70,1,1,1.0,1000,6,5,true,22
726,1201,3595,1000,17732,7240.0,18506,70,1,1,1.0,1000,6,5,true,22
726,1202,3598,1000,17735,7246.0,18520,70,1,1,1.0,1000,6,5,true,22
726,1203,3601,1000,17738,7252.0,18532,70,1,1,1.0,1000,6,5,true,22
726,1204,3604,1000,17741,7258.0,18546,70,1,1,1.0,1000,6,5,true,22
726,1205,3607,1000,17744,7264.0,18563,70,1,1,1.0,1000,6,5,true,22
726,1206,3610,1000,17747,7270.0,18582,70,1,1,1.0,1000,6,5,true,22
726,1207,3613,1000,17750,7276.0,18592,70,1,1,1.0,1000,6,5,true,22
726,1208,3616,1000,17753,7282.0,18601,70,1,1,1.0,1000,6,5,true,22
726,1209,3619,1000,18056,7288.0,18609,70,1,1,1.0,1000,6,5,true,22
726,1210,3622,1000,18075,7296.0,18624,70,1,1,1.0,1000,6,5,true,22
726,1211,3625,1000,18078,7302.0,18626,70,1,1,1.0,1000,6,5,true,22
726,1212,3628,1000,18081,7308.0,18636,70,1,1,1.0,1000,6,5,true,22
726,1213,3631,1000,18084,7314.0,18646,70,1,1,1.0,1000,6,5,true,22
726,1215,3637,1000,18090,7326.0,18672,70,1,1,1.0,1000,6,5,true,22
726,1215,3637,1000,18090,7326.0,18672,70,1,1,1.0,1000,6,5,true,22
726,1216,3640,1000,18093,7332.0,18691,70,1,1,1.0,1000,6,5,true,22
726,1217,3643,1000,18096,7338.0,18703,70,1,1,1.0,1000,6,5,true,22
726,1218,3646,1000,18099,7344.0,18719,70,1,1,1.0,1000,6,5,true,22
726,1219,3649,1000,18102,7350.0,18734,70,1,1,1.0,1000,6,5,true,22
726,1220,3652,1000,18105,7356.0,18747,70,1,1,1.0,1000,6,5,true,22
726,1221,3655,1000,18108,7362.0,18757,70,1,1,1.0,1000,6,5,true,22
726,1222,3658,1000,18111,7368.0,18769,70,1,1,1.0,1000,6,5,true,22
726,1223,3661,1000,18114,7374.0,18778,70,1,1,1.0,1000,6,5,true,22
726,1224,3664,1000,18117,7380.0,18788,70,1,1,1.0,1000,6,5,true,22
726,1225,3667,1000,18120,7386.0,18804,70,1,1,1.0,1000,6,5,true,22
726,1226,3670,1000,18123,7392.0,18821,70,1,1,1.0,1000,6,5,true,22
726,1227,3673,1000,18126,7398.0,18833,70,1,1,1.0,1000,6,5,true,22
726,1228,3676,1000,18129,7404.0,18846,70,1,1,1.0,1000,6,5,true,22
726,1229,3679,1000,18132,7410.0,18853,70,1,1,1.0,1000,6,5,true,22
726,1230,3682,1000,18135,7416.0,18862,70,1,1,1.0,1000,6,5,true,22
726,1231,3685,1000,18138,7422.0,18878,70,1,1,1.0,1000,6,5,true,22
726,1232,3688,1000,18141,7428.0,18886,70,1,1,1.0,1000,6,5,true,22
726,1233,3691,1000,18408,7436.0,18900,70,1,1,1.0,1000,6,5,true,22
726,1234,3694,1000,18411,7442.0,18917,70,1,1,1.0,1000,6,5,true,22
726,1235,3697,1000,18414,7448.0,18926,70,1,1,1.0,1000,6,5,true,22
726,1236,3700,1000,18417,7454.0,18934,70,1,1,1.0,1000,6,5,true,22
726,1237,3704,1000,18421,7462.0,18952,70,1,1,1.0,1000,6,5,true,22
726,1238,3707,1000,18424,7468.0,18965,70,1,1,1.0,1000,6,5,true,22
726,1240,3713,1000,18430,7480.0,18994,70,1,1,1.0,1000,6,5,true,22
726,1240,3713,1000,18430,7480.0,18994,70,1,1,1.0,1000,6,5,true,22
726,1241,3716,1000,18433,7486.0,19006,70,1,1,1.0,1000,6,5,true,22
726,1242,3719,1000,18436,7492.0,19021,70,1,1,1.0,1000,6,5,true,22
726,1243,3722,1000,18439,7498.0,19034,70,1,1,1.0,1000,6,5,true,22
726,1244,3725,1000,18442,7504.0,19045,70,1,1,1.0,1000,6,5,true,22
726,1245,3728,1000,18445,7510.0,19064,70,1,1,1.0,1000,6,5,true,22
726,1246,3731,1000,18448,7516.0,19077,70,1,1,1.0,1000,6,5,true,22
726,1247,3734,1000,18451,7522.0,19088,70,1,1,1.0,1000,6,5,true,22
726,1248,3737,1000,18454,7528.0,19098,70,1,1,1.0,1000,6,5,true,22
726,1249,3740,1000,18457,7534.0,19114,70,1,1,1.0,1000,6,5,true,22
726,1250,3743,1000,18460,7540.0,19126,70,1,1,1.0,1000,6,5,true,22
726,1251,3746,1000,18463,7546.0,19138,70,1,1,1.0,1000,6,5,true,22
726,1252,3749,1000,18466,7552.0,19152,70,1,1,1.0,1000,6,5,true,22
726,1253,3752,1000,18469,7558.0,19159,70,1,1,1.0,1000,6,5,true,22
726,1254,3755,1000,18472,7564.0,19168,70,1,1,1.0,1000,6,5,true,22
726,1255,3758,1000,18475,7570.0,19181,70,1,1,1.0,1000,6,5,true,22
726,1256,3761,1000,18478,7576.0,19197,70,1,1,1.0,1000,6,5,true,22
726,1257,3764,1000,18481,7582.0,19215,70,1,1,1.0,1000,6,5,true,22
726,1258,3767,1000,18484,7588.0,19227,70,1,1,1.0,1000,6,5,true,22
726,1259,3769,1000,18486,7592.0,19233,70,1,1,1.0,1000,6,5,true,22
726,1260,3772,1000,18489,7598.0,19245,70,1,1,1.0,1000,6,5,true,22
726,1261,3775,1000,18492,7604.0,19255,70,1,1,1.0,1000,6,5,true,22
726,1262,3778,1000,18843,7612.0,19265,70,1,1,1.0,1000,6,5,true,22
726,1263,3781,1000,18846,7618.0,19272,70,1,1,1.0,1000,6,5,true,22
726,1264,3784,1000,18849,7624.0,19287,70,1,1,1.0,1000,6,5,true,22
726,1265,3787,1000,18852,7630.0,19296,70,1,1,1.0,1000,6,5,true,22
726,1266,3790,1000,18855,7636.0,19309,70,1,1,1.0,1000,6,5,true,22
726,1267,3793,1000,18858,7642.0,19325,70,1,1,1.0,1000,6,5,true,22
726,1268,3796,1000,18940,7648.0,19332,70,1,1,1.0,1000,6,5,true,22
726,1269,3799,1000,18943,7654.0,19349,70,1,1,1.0,1000,6,5,true,22
726,1270,3802,1000,18946,7660.0,19364,70,1,1,1.0,1000,6,5,true,22
726,1271,3805,1000,18949,7666.0,19378,70,1,1,1.0,1000,6,5,true,22
726,1272,3808,1000,18952,7672.0,19396,70,1,1,1.0,1000,6,5,true,22
726,1273,3811,1000,18955,7678.0,19410,70,1,1,1.0,1000,6,5,true,22
726,1274,3814,1000,18958,7684.0,19425,70,1,1,1.0,1000,6,5,true,22
726,1275,3817,1000,18961,7690.0,19438,70,1,1,1.0,1000,6,5,true,22
726,1276,3820,1000,18964,7696.0,19449,70,1,1,1.0,1000,6,5,true,22
726,1277,3823,1000,18967,7702.0,19461,70,1,1,1.0,1000,6,5,true,22
726,1278,3826,1000,18970,7708.0,19471,70,1,1,1.0,1000,6,5,true,22
726,1279,3829,1000,18973,7714.0,19486,70,1,1,1.0,1000,6,5,true,22
726,1280,3832,1000,18976,7720.0,19503,70,1,1,1.0,1000,6,5,true,22
726,1281,3835,1000,18979,7726.0,19515,70,1,1,1.0,1000,6,5,true,22
726,1282,3838,1000,18982,7732.0,19525,70,1,1,1.0,1000,6,5,true,22
726,1283,3841,1000,18985,7738.0,19535,70,1,1,1.0,1000,6,5,true,22
726,1284,3844,1000,18988,7744.0,19548,70,1,1,1.0,1000,6,5,true,22
726,1285,3847,1000,18991,7750.0,19558,70,1,1,1.0,1000,6,5,true,22
726,1286,3850,1000,18994,7756.0,19569,70,1,1,1.0,1000,6,5,true,22
726,1287,3853,1000,18997,7762.0,19577,70,1,1,1.0,1000,6,5,true,22
726,1288,3856,1000,19000,7768.0,19588,70,1,1,1.0,1000,6,5,true,22
726,1289,3859,1000,19003,7774.0,19600,70,1,1,1.0,1000,6,5,true,22
726,1290,3862,1000,19006,7780.0,19611,70,1,1,1.0,1000,6,5,true,22
726,1291,3865,1000,19009,7786.0,19625,70,1,1,1.0,1000,6,5,true,22
726,1292,3868,1000,19012,7792.0,19638,70,1,1,1.0,1000,6,5,true,22
726,1293,3871,1000,19015,7798.0,19651,70,1,1,1.0,1000,6,5,true,22
726,1294,3874,1000,19018,7804.0,19660,70,1,1,1.0,1000,6,5,true,22
726,1295,3877,1000,19021,7810.0,19670,70,1,1,1.0,1000,6,5,true,22
726,1296,3880,1000,19024,7816.0,19683,70,1,1,1.0,1000,6,5,true,22
726,1297,3883,1000,19027,7822.0,19689,70,1,1,1.0,1000,6,5,true,22
726,1298,3886,1000,19030,7828.0,19697,70,1,1,1.0,1000,6,5,true,22
726,1299,3889,1000,19033,7834.0,19706,70,1,1,1.0,1000,6,5,true,22
726,1300,3892,1000,19036,7840.0,19719,70,1,1,1.0,1000,6,5,true,22
726,1301,3895,1000,19039,7846.0,19728,70,1,1,1.0,1000,6,5,true,22
726,1302,3898,1000,19042,7852.0,19740,70,1,1,1.0,1000,6,5,true,22
726,1303,3901,1000,19045,7858.0,19755,70,1,1,1.0,1000,6,5,true,22
726,1304,3904,1000,19048,7864.0,19764,70,1,1,1.0,1000,6,5,true,22
726,1305,3907,1000,19051,7870.0,19776,70,1,1,1.0,1000,6,5,true,22
726,1306,3910,1000,19054,7876.0,19785,70,1,1,1.0,1000,6,5,true,22
726,1307,3913,1000,19057,7882.0,19791,70,1,1,1.0,1000,6,5,true,22
726,1308,3916,1000,19060,7888.0,19805,70,1,1,1.0,1000,6,5,true,22
726,1309,3919,1000,19063,7894.0,19817,70,1,1,1.0,1000,6,5,true,22
726,1310,3922,1000,19066,7900.0,19828,70,1,1,1.0,1000,6,5,true,22
726,1311,3925,1000,19069,7906.0,19842,70,1,1,1.0,1000,6,5,true,22
726,1312,3928,1000,19072,7912.0,19853,70,1,1,1.0,1000,6,5,true,22
726,1313,3931,1000,19075,7918.0,19865,70,1,1,1.0,1000,6,5,true,22
726,1314,3934,1000,19078,7924.0,19880,70,1,1,1.0,1000,6,5,true,22
726,1315,3937,1000,19081,7930.0,19892,70,1,1,1.0,1000,6,5,true,22
726,1316,3940,1000,19084,7936.0,19908,70,1,1,1.0,1000,6,5,true,22
726,1317,3943,1000,19087,7942.0,19920,70,1,1,1.0,1000,6,5,true,22
726,1318,3946,1000,19090,7948.0,19932,70,1,1,1.0,1000,6,5,true,22
726,1319,3949,1000,19093,7954.0,19946,70,1,1,1.0,1000,6,5,true,22
726,1320,3952,1000,19096,7960.0,19965,70,1,1,1.0,1000,6,5,true,22
726,1321,3955,1000,19099,7966.0,19977,70,1,1,1.0,1000,6,5,true,22
726,1322,3958,1000,19102,7972.0,19988,70,1,1,1.0,1000,6,5,true,22
726,1323,3961,1000,19105,7978.0,20001,70,1,1,1.0,1000,6,5,true,22
726,1324,3964,1000,19108,7984.0,20010,70,1,1,1.0,1000,6,5,true,22
726,1325,3967,1000,19111,7990.0,20023,70,1,1,1.0,1000,6,5,true,22
726,1326,3970,1000,19114,7996.0,20030,70,1,1,1.0,1000,6,5,true,22
726,1327,3973,1000,19117,8002.0,20046,70,1,1,1.0,1000,6,5,true,22
726,1328,3976,1000,19120,8008.0,20058,70,1,1,1.0,1000,6,5,true,22
726,1329,3979,1000,19123,8014.0,20074,70,1,1,1.0,1000,6,5,true,22
726,1330,3982,1000,19126,8020.0,20087,70,1,1,1.0,1000,6,5,true,22
726,1331,3985,1000,19129,8026.0,20095,70,1,1,1.0,1000,6,5,true,22
726,1332,3988,1000,19132,8032.0,20106,70,1,1,1.0,1000,6,5,true,22
726,1333,3991,1000,19135,8038.0,20122,70,1,1,1.0,1000,6,5,true,22
726,1334,3994,1000,19138,8044.0,20135,70,1,1,1.0,1000,6,5,true,22
726,1335,3997,1000,19141,8050.0,20152,70,1,1,1.0,1000,6,5,true,22
726,1336,4000,1000,19144,8056.0,20165,70,1,1,1.0,1000,6,5,true,22
726,1337,4003,1000,19147,8062.0,20173,70,1,1,1.0,1000,6,5,true,22
726,1338,4006,1000,19150,8068.0,20186,70,1,1,1.0,1000,6,5,true,22
726,1339,4009,1000,19153,8074.0,20197,70,1,1,1.0,1000,6,5,true,22
726,1340,4012,1000,19156,8080.0,20213,70,1,1,1.0,1000,6,5,true,22
726,1341,4015,1000,19159,8086.0,20223,70,1,1,1.0,1000,6,5,true,22
726,1342,4018,1000,19162,8092.0,20235,70,1,1,1.0,1000,6,5,true,22
726,1343,4021,1000,19165,8098.0,20250,70,1,1,1.0,1000,6,5,true,22
726,1344,4024,1000,19168,8104.0,20256,70,1,1,1.0,1000,6,5,true,22
726,1345,4027,1000,19171,8110.0,20267,70,1,1,1.0,1000,6,5,true,22
726,1346,4030,1000,19174,8116.0,20278,70,1,1,1.0,1000,6,5,true,22
726,1347,4033,1000,19177,8122.0,20293,70,1,1,1.0,1000,6,5,true,22
726,1348,4036,1000,19180,8128.0,20306,70,1,1,1.0,1000,6,5,true,22
726,1349,4039,1000,19183,8134.0,20317,70,1,1,1.0,1000,6,5,true,22
726,1350,4042,1000,19186,8140.0,20329,70,1,1,1.0,1000,6,5,true,22
726,1351,4045,1000,19189,8146.0,20348,70,1,1,1.0,1000,6,5,true,22
726,1352,4048,1000,19192,8152.0,20362,70,1,1,1.0,1000,6,5,true,22
726,1353,4051,1000,19195,8158.0,20372,70,1,1,1.0,1000,6,5,true,22
726,1354,4054,1000,19198,8164.0,20383,70,1,1,1.0,1000,6,5,true,22
726,1355,4057,1000,19201,8170.0,20397,70,1,1,1.0,1000,6,5,true,22
726,1356,4060,1000,19204,8176.0,20407,70,1,1,1.0,1000,6,5,true,22
726,1357,4063,1000,19207,8182.0,20419,70,1,1,1.0,1000,6,5,true,22
726,1358,4066,1000,19210,8188.0,20433,70,1,1,1.0,1000,6,5,true,22
726,1359,4069,1000,19213,8194.0,20445,70,1,1,1.0,1000,6,5,true,22
726,1360,4072,1000,19216,8200.0,20457,70,1,1,1.0,1000,6,5,true,22
726,1361,4075,1000,19219,8206.0,20469,70,1,1,1.0,1000,6,5,true,22
726,1362,4078,1000,19222,8212.0,20480,70,1,1,1.0,1000,6,5,true,22
726,1363,4081,1000,19225,8218.0,20489,70,1,1,1.0,1000,6,5,true,22
726,1364,4084,1000,19228,8224.0,20496,70,1,1,1.0,1000,6,5,true,22
726,1365,4087,1000,19231,8230.0,20514,70,1,1,1.0,1000,6,5,true,22
726,1366,4090,1000,19234,8236.0,20523,70,1,1,1.0,1000,6,5,true,22
726,1367,4093,1000,19237,8242.0,20539,70,1,1,1.0,1000,6,5,true,22
726,1368,4096,1000,19240,8248.0,20550,70,1,1,1.0,1000,6,5,true,22
726,1369,4099,1000,19243,8254.0,20558,70,1,1,1.0,1000,6,5,true,22
726,1370,4102,1000,19246,8260.0,20574,70,1,1,1.0,1000,6,5,true,22
726,1371,4105,1000,19249,8266.0,20593,70,1,1,1.0,1000,6,5,true,22
726,1372,4108,1000,19252,8272.0,20604,70,1,1,1.0,1000,6,5,true,22
726,1373,4111,1000,19255,8278.0,20615,70,1,1,1.0,1000,6,5,true,22
726,1374,4114,1000,19258,8284.0,20624,70,1,1,1.0,1000,6,5,true,22
726,1375,4117,1000,19261,8290.0,20634,70,1,1,1.0,1000,6,5,true,22
726,1376,4120,1000,20560,8298.0,20647,70,1,1,1.0,1000,6,5,true,22
726,1377,4123,1000,20563,8304.0,20660,70,1,1,1.0,1000,6,5,true,22
726,1378,4126,1000,20566,8310.0,20677,70,1,1,1.0,1000,6,5,true,22
726,1379,4129,1000,20569,8316.0,20692,70,1,1,1.0,1000,6,5,true,22
726,1380,4131,1000,20571,8320.0,20699,70,1,1,1.0,1000,6,5,true,22
726,1381,4134,1000,20574,8326.0,20712,70,1,1,1.0,1000,6,5,true,22
726,1382,4137,1000,20577,8332.0,20720,70,1,1,1.0,1000,6,5,true,22
726,1383,4140,1000,20580,8338.0,20734,70,1,1,1.0,1000,6,5,true,22
726,1384,4143,1000,20583,8344.0,20745,70,1,1,1.0,1000,6,5,true,22
726,1385,4146,1000,20586,8350.0,20756,70,1,1,1.0,1000,6,5,true,22
726,1386,4149,1000,20589,8356.0,20770,70,1,1,1.0,1000,6,5,true,22
726,1387,4152,1000,20592,8362.0,20778,70,1,1,1.0,1000,6,5,true,22
726,1388,4155,1000,20595,8368.0,20792,70,1,1,1.0,1000,6,5,true,22
726,1389,4158,1000,20598,8374.0,20800,70,1,1,1.0,1000,6,5,true,22
726,1390,4161,1000,20601,8380.0,20811,70,1,1,1.0,1000,6,5,true,22
726,1391,4164,1000,20604,8386.0,20822,70,1,1,1.0,1000,6,5,true,22
726,1392,4167,1000,20607,8392.0,20834,70,1,1,1.0,1000,6,5,true,22
726,1393,4170,1000,20610,8398.0,20845,70,1,1,1.0,1000,6,5,true,22
726,1394,4173,1000,20613,8404.0,20858,70,1,1,1.0,1000,6,5,true,22
726,1395,4176,1000,20616,8410.0,20865,70,1,1,1.0,1000,6,5,true,22
726,1396,4179,1000,20619,8416.0,20877,70,1,1,1.0,1000,6,5,true,22
726,1397,4182,1000,20622,8422.0,20895,70,1,1,1.0,1000,6,5,true,22
726,1398,4185,1000,20625,8428.0,20908,70,1,1,1.0,1000,6,5,true,22
726,1399,4188,1000,20628,8434.0,20922,70,1,1,1.0,1000,6,5,true,22
726,1400,4191,1000,20631,8440.0,20930,70,1,1,1.0,1000,6,5,true,22
726,1401,4194,1000,20634,8446.0,20941,70,1,1,1.0,1000,6,5,true,22
726,1402,4197,1000,20637,8452.0,20955,70,1,1,1.0,1000,6,5,true,22
726,1403,4200,1000,20640,8458.0,20970,70,1,1,1.0,1000,6,5,true,22
726,1404,4203,1000,20643,8464.0,20982,70,1,1,1.0,1000,6,5,true,22
726,1405,4206,1000,20646,8470.0,20993,70,1,1,1.0,1000,6,5,true,22
726,1406,4209,1000,20649,8476.0,21011,70,1,1,1.0,1000,6,5,true,22
726,1407,4212,1000,20652,8482.0,21026,70,1,1,1.0,1000,6,5,true,22
726,1408,4215,1000,20655,8488.0,21029,70,1,1,1.0,1000,6,5,true,22
726,1409,4218,1000,20658,8494.0,21040,70,1,1,1.0,1000,6,5,true,22
726,1410,4221,1000,20661,8500.0,21048,70,1,1,1.0,1000,6,5,true,22
726,1411,4224,1000,20664,8506.0,21061,70,1,1,1.0,1000,6,5,true,22
726,1412,4227,1000,20667,8512.0,21073,70,1,1,1.0,1000,6,5,true,22
726,1413,4230,1000,20670,8518.0,21092,70,1,1,1.0,1000,6,5,true,22
726,1414,4233,1000,20673,8524.0,21105,70,1,1,1.0,1000,6,5,true,22
726,1415,4236,1000,20676,8530.0,21116,70,1,1,1.0,1000,6,5,true,22
726,1416,4239,1000,20679,8536.0,21131,70,1,1,1.0,1000,6,5,true,22
726,1417,4242,1000,20682,8542.0,21142,70,1,1,1.0,1000,6,5,true,22
726,1418,4245,1000,20685,8548.0,21152,70,1,1,1.0,1000,6,5,true,22
726,1419,4248,1000,20688,8554.0,21165,70,1,1,1.0,1000,6,5,true,22
726,1420,4251,1000,20691,8560.0,21172,70,1,1,1.0,1000,6,5,true,22
726,1421,4254,1000,20694,8566.0,21187,70,1,1,1.0,1000,6,5,true,22
726,1422,4257,1000,20697,8572.0,21196,70,1,1,1.0,1000,6,5,true,22
726,1423,4260,1000,20700,8578.0,21209,70,1,1,1.0,1000,6,5,true,22
726,1424,4263,1000,20703,8584.0,21219,70,1,1,1.0,1000,6,5,true,22
726,1425,4266,1000,20706,8590.0,21230,70,1,1,1.0,1000,6,5,true,22
726,1426,4269,1000,20709,8596.0,21245,70,1,1,1.0,1000,6,5,true,22
726,1427,4272,1000,20712,8602.0,21257,70,1,1,1.0,1000,6,5,true,22
726,1428,4275,1000,20715,8608.0,21268,70,1,1,1.0,1000,6,5,true,22
726,1429,4278,1000,20718,8614.0,21284,70,1,1,1.0,1000,6,5,true,22
726,1430,4281,1000,20721,8620.0,21298,70,1,1,1.0,1000,6,5,true,22
726,1431,4284,1000,20724,8626.0,21309,70,1,1,1.0,1000,6,5,true,22
